Id,Date,latitude,longitude,PK_SiteClass,ClassName,SiteName,Description,FK_Site,Elevation
0,x10/16/2020,32.67962398,-110.2752235,3785e45c-fd7e-4b39-b191-00243aee0367,West Lower Home Pasture,03-05-04-00429-29K-K01,From Shapefile,a114e69b-0292-47d1-b68e-b9c6be0a2bc1,
1,x10/17/2020,32.07638537,-110.4392844,3c605739-dd5c-499b-8d9f-01097194631b,East Pasture,03-05-05-00520-003-C02,Fromn Shapefile,0a78ab90-1534-4efc-938d-14535a736a9f,
2,x10/18/2011,32.48113306,-109.8036401,0df776c1-d28b-4edb-8d08-01b8c8867278,Gillman Pasture,03-05-04-00420-20C-K01A,,2fe18d75-5b3e-40ce-9359-3c04dd46ccb6,
3,x10/18/2011,32.45194029,-109.7872916,0df776c1-d28b-4edb-8d08-01b8c8867278,Gillman Pasture,03-05-04-00420-20C-K04,,d0cb1a36-cf96-4121-a0d4-55169f9e740d,
4,x10/7/2010,31.65502407,-110.7686151,3239e471-6b2a-43f6-99c8-01e031f63e20,Upper Big Casa Blanca Pasture,03-05-02-00250-011-P05,,ac30afd0-5c5b-4c5b-b7e2-bcb969efede0,4809
5,x3/2/2006,31.51321167,-111.3116022,df0e55a3-cb7b-47d2-bb91-022c8fe196fb,Cumaro Pasture,03-05-02-00205-002-C02,,8a6ec76f-2ca5-44b0-a9b6-7547f7461cae,4075
6,x9/22/2020,31.70105134,-109.2267733,770346b1-a25b-44dc-a15f-02fc275823ad,Heifer Pasture,03-05-01-00117-174-C01,From Shapefile,5345e36e-90cd-4852-ad0e-78788d5eae42,5175
7,x10/15/2012,31.50764497,-110.5193935,ee490e43-dd24-4386-997e-0314af835243,Lower Pauline Pasture,03-05-03-00332-005-C01,t-post next to C1T1 00 stake,7291767d-4a96-4d92-a011-ad29b2c16936,
8,x10/17/2020,31.51679744,-110.5350709,ee490e43-dd24-4386-997e-0314af835243,Lower Pauline Pasture,03-05-03-00332-005-C02,From Shapefile,5fd603f7-2189-4513-983b-e12009d1be09,
9,x9/19/2020,31.8503751,-110.0253508,fc53e97f-7b88-4180-96a0-03435361a453,West Pasture,03-05-01-00155-552-C04,From Shapefile,a997742a-10b2-4cc3-ab2f-76acfe5b719c,
10,x10/17/2020,32.05956844,-110.5550595,f7a24932-aa1e-40bb-829c-04ac6b8d8975,Hidden Springs Pasture,03-05-05-00525-001-C01,From Shapefile,6d225bb9-2e7b-48db-9d5e-16eee85d1540,
11,x10/12/2010,31.39210112,-110.754295,87d99b20-9f7a-4af7-9d7f-04fd5d6a5765,Guajalote Pasture,03-05-03-00351-007-C01,,f50686cb-7e8a-41eb-a7b9-174fffa84d64,5200
12,x10/25/2010,31.40821953,-110.7425442,87d99b20-9f7a-4af7-9d7f-04fd5d6a5765,Guajalote Pasture,03-05-03-00351-007-C04,,0c115878-ab03-485e-a278-b9e89a09573d,5877
13,x9/19/2020,31.67163656,-109.3666438,c9167df4-4c7e-412c-9623-06dd741ef22c,John's Pasture,03-05-01-00123-234-C03,From Site Notes,6e281547-7367-4924-8821-db9aadd707b1,5865
14,x10/28/2014,31.42681034,-110.8188414,ad91525c-56cf-4c70-af2c-071fe211e2d0,Paloma Pasture,03-05-03-00351-001-C03,,b93f3b75-aabd-4f37-9889-b1449fab6b5e,
15,x10/16/2020,32.59424023,-109.8924758,f1d7fa73-bac1-452d-9419-0738a660bf31,Mothers Canyon Pasture,03-05-04-00419-19F-K01,From Shapefile,ac1a85a7-c813-4bf3-8e96-b32d9be8325c,
16,x10/17/2020,31.88151021,-110.4437459,e1aaebfc-1dce-4d99-8f9a-09b57edcfac0,Wakefield Pasture,03-05-03-00302-006-C01,,b685dbf7-1bcf-41e6-944c-6940a2da1225,
17,x10/17/2020,31.33511757,-110.6574612,efdaad4d-2694-4e20-8866-0b2e202e61d9,East Pasture,03-05-03-00346-002-C01,From shapefile,fa8e615e-b8e1-4c44-b2e2-e39fb668e915,
18,x10/22/2009,31.85954189,-110.7171753,33e467de-f0b5-4b93-a406-0b7de8f86945,Scholefield Pasture,03-05-02-00232-002-C01,,3fa3f7f6-8ef8-45bd-a1c7-63e042ac0008,4667
19,x10/17/2020,32.11714217,-110.4766877,871e4653-d973-49ed-a652-0c0919fd69d1,Bear Springs Pasture,03-05-05-00520-002-C01,From Shapefile,700b1a45-4ab0-4b98-a084-e0f8353cd7cf,
20,x9/22/2020,32.12867752,-109.2987887,0751f965-0156-4783-b1d3-0c79dc8a9821,Head Quarters Pasture,03-05-01-00146-467-C01,T1,1b76784a-e157-46d2-b41f-23d39d39bf34,
21,x9/22/2020,32.11867354,-109.2960385,0751f965-0156-4783-b1d3-0c79dc8a9821,Head Quarters Pasture,03-05-01-00146-467-C02,T1,d1194206-e62e-4f08-bf8a-37438dd8e29e,
22,x9/23/2020,31.46520604,-111.4126533,e2dbe09e-222a-4d1b-8d29-0c96472d530e,Upper Fresnal Pasture,03-05-02-00203-003-C01,From Site Notes,fbc6a387-2884-4a9a-b7c0-191c5a17854f,3825
23,x9/23/2020,31.47685573,-111.4231898,e2dbe09e-222a-4d1b-8d29-0c96472d530e,Upper Fresnal Pasture,03-05-02-00203-003-K01,From Site Notes,7a25c26d-9f50-4492-a506-2b9b7dd4523c,
24,x9/23/2020,31.50486178,-111.1127429,f6fab16e-421b-47d0-901b-0d09876e5650,Dead Fawn Pasture,03-05-02-00212-008-C06,From Site Notes,a216a80c-4856-45ea-a0f1-ab5a1246bb28,4001
25,x10/17/2020,32.27210571,-110.5501708,1159cbe4-caa8-4281-a271-0d0f0e1f2416,West Park Pasture,03-05-05-00502-002-C04,From Shapefile,fe899d34-0bcc-43a9-8dcc-a42bb5d13a4c,
26,x9/22/2020,31.87656246,-110.0369478,95c5c0e4-7957-488f-9c83-0d19b4f749c9,Slavin Pasture,03-05-01-00154-543-C01,From Shapefile,31a297de-8e94-42b5-9b26-01750e567e45,
27,x9/21/2020,31.52063249,-109.0027013,caaee950-10ca-4970-a3fa-0e6d263dcc48,Geronimo Pasture,03-05-01-00136-001-C01,From Shapefile,a72592d3-fcfc-48ad-ae50-bf635298b884,
28,x9/21/2020,31.51974135,-109.0155663,caaee950-10ca-4970-a3fa-0e6d263dcc48,Geronimo Pasture,03-05-01-00136-001-C02,From Site Notes,8dea1fc6-e77f-42cb-97a6-6998e1b68cbf,
29,x9/21/2020,31.49322011,-109.0241586,caaee950-10ca-4970-a3fa-0e6d263dcc48,Geronimo Pasture,03-05-01-00136-001-C03,From Shapefile,40307715-020c-40d4-8f69-1680294ab4eb,5913
30,x9/21/2020,31.4871256,-108.9890355,caaee950-10ca-4970-a3fa-0e6d263dcc48,Geronimo Pasture,03-05-01-00136-001-C04,From Shapefile,e6e01f57-0c73-4e88-9729-4d1bb1cf3f7c,5640
31,x9/14/2020,31.57227701,-109.339604,b60590a0-c99d-4c3b-b440-0ebf4e2223ef,Main Boss Pasture,03-05-01-00126-261-C01,From Shapefile,6f3734c4-8091-4f44-90f4-23617419b2e8,5301
32,x9/19/2020,31.48560945,-108.9402185,86f223ff-243e-431f-a91e-1071185dbc23,Windy Point Pasture,03-05-01-00137-376-C01,From Shapefile,5e943d96-51ed-46eb-9259-49666ad75f09,
33,x9/19/2020,31.47299498,-108.9304234,86f223ff-243e-431f-a91e-1071185dbc23,Windy Point Pasture,03-05-01-00137-376-C02,From Shapefile,f24e5741-24bd-4a56-b40a-fdf081497c00,
34,x10/17/2020,31.55016248,-110.6259557,b6c9c81d-8444-4203-9432-10ffe562186d,Lampshire Pasture,03-05-03-00334-014-C02,From Shapefile,d8ed3751-b7af-404a-af08-039578c4175b,
35,x9/29/2010,31.63750944,-110.7991883,beb93331-47e4-4289-9eed-11320a4b0642,Williamson Pasture,03-05-02-00250-004-C02,,3230389c-ddba-4d67-ae36-85150d28fb6e,
36,x9/19/2020,31.8502981,-110.0037693,b936ba2a-8758-4f27-b491-11dc77484e8f,Windmill Pasture,03-05-01-00155-554-C03,From Shapefile,5b9b1b43-25aa-4b68-a523-e9dce6cee2af,
37,x9/19/2020,31.85154338,-110.0130675,b936ba2a-8758-4f27-b491-11dc77484e8f,Windmill Pasture,03-05-01-00155-554-C04,From Shapefile,97eb646d-c492-435a-8516-063ff549988b,
38,x9/19/2020,31.85822711,-110.0152477,b936ba2a-8758-4f27-b491-11dc77484e8f,Windmill Pasture,03-05-01-00155-554-C05,From Shapefile,926577af-f6f6-425a-ace0-ec2057c1d28c,
39,x10/16/2020,32.65390016,-110.267935,9ae81848-a38d-417d-ae60-12b326eb16bc,Limestone Pasture,03-05-04-00429-29I-K01,From Shapefile,684f1837-faca-4281-9d72-beb71da6ef69,
40,x9/22/2020,32.05539361,-109.3557408,f62cc3bb-486f-4c18-b9fa-12da59825d2f,Lower Pasture,03-05-01-00148-482-C01,From Shapefile,4d5c58a7-a84d-4fec-bdfc-7ab51558f39d,
41,x10/17/2020,31.90301338,-110.3877666,18514340-3900-443f-b91b-132b1548d2c3,Trask Pasture,03-05-03-00303-001-C01,From Shapefile,5a6f0eb6-0ce6-4cd6-b213-2d5ebfc251e2,
42,x10/17/2020,31.38431336,-110.4064797,4c676d30-e5cf-49d3-b804-134f4202fe23,West Pasture,03-05-03-00326-021-C03,From Shapefile,2c01111b-88f6-4f03-b2b3-828984e4c422,
43,x10/18/2020,31.50005451,-110.6057268,435772a4-e9ab-4ce4-91a6-137eef5ecb47,Meadow Valley Pasture,03-05-03-00338-006-C05,From Shapefile,c32f3252-c102-4df0-a57f-b2d0b47bac55,
44,x11/28/2012,31.77937085,-109.1442682,d057681f-529d-4bad-bcc2-1486c7461279,Lower Horseshoe Pasture,03-05-01-00118-184-C01,From Shapefile,64beba23-bce8-4afd-8025-cf92c636eec8,4730
45,x9/21/2020,31.89086538,-109.9334932,df43ea21-633e-43e5-8176-15786d993972,West Noonan Pasture,03-05-01-00157-577-C04,T1,6b0d2eb2-6deb-4c82-b38f-27501fc22760,
46,x10/18/2011,31.53198721,-110.6276082,0eb1f704-ea9a-4db2-b9e7-176cc27df158,North Redrock Pasture,03-05-03-00338-005-C02,,7b27405c-55d8-41e4-b349-aedb90281a64,
47,x10/18/2011,31.53441028,-110.6081633,0eb1f704-ea9a-4db2-b9e7-176cc27df158,North Redrock Pasture,03-05-03-00338-005-P01,,4eda76f5-acbb-408f-bf2f-c54e79734366,
48,x10/18/2020,31.52481258,-110.6208429,0eb1f704-ea9a-4db2-b9e7-176cc27df158,North Redrock Pasture,03-05-03-00338-005-P02,,f19cadee-ca1c-4936-a17b-99efb6a63999,4790
49,x10/17/2020,32.18895333,-110.457553,e566c1d1-e5b3-42e1-8245-1777e20ef2a3,North Pasture,03-05-05-00519-001-P01,From Shapefile,0223cf73-32fa-45fc-adb5-db3c91881055,
50,x9/19/2020,31.96069336,-110.0189705,12307687-dbb9-403c-b07e-177f67eaa404,Upper Forest Pasture,03-05-01-00153-531-C01,From Shapefile,0a30062c-1f29-437b-a295-916d675fcbce,
51,x9/19/2020,31.42412868,-109.0366541,8ce69c03-46a6-4666-92db-17a30894bbb5,Baker Pasture,03-05-01-00143-433-C02,From Shapefile,c96b2017-77a9-498f-a0ad-1d91263467cb,
52,x11/5/2019,31.46466167,-109.0252744,f3fb66c3-2965-4036-9c77-18e4baed43be,Miller Pasture,03-05-01-00136-005-C02,From Site Notes,0fe7773a-c15b-4f22-b9fd-446c0a5d881c,5688
53,x2/1/2011,32.86015799,-110.2658607,dc56a216-b4ef-4342-8e26-18f490aba686,Jakes Pasture,03-05-04-00408-08A-K01,,44e5d6c2-929e-4433-9ae0-495e40a3d484,
54,x2/1/2011,32.84822029,-110.2667391,dc56a216-b4ef-4342-8e26-18f490aba686,Jakes Pasture,03-05-04-00408-08A-K02,,0178e4d4-c6f5-43e3-842a-cc4920f26413,
55,x1/12/2011,32.85961764,-110.2154734,dc56a216-b4ef-4342-8e26-18f490aba686,Jakes Pasture,03-05-04-00408-08A-K03,,2f70b693-129a-437b-a564-8ee573107782,
56,x11/22/2010,32.5071392,-110.7790952,b82f498e-a1f1-4e6c-b309-196dbcdd2a4c,Wild Cow Pasture,03-05-05-00503-001-C02,,35e4b483-1d7a-4961-882c-8cabc01f7eeb,4930
57,x10/6/2011,31.59290897,-110.6317088,72127e16-d82d-4d38-a8f0-19cde1fa3120,West Mountain Pasture,03-05-03-00334-007-C01,,635c81e4-5434-4dfc-8d5f-990a09dd1847,5339
58,x10/5/2009,31.41054767,-111.1639583,14bc9059-ab12-4366-9341-1a1e2def9a71,Road Pasture,03-05-02-00208-001-C05,,3a092215-3d2b-41cd-8890-bdc5249b8040,4253
59,x10/18/2010,31.35032298,-110.77726,8d9fd2f4-c644-440e-a0ba-1a8a9939b00f,North Piedragosa Pasture,03-05-03-00353-003-C02,,a90f8879-9b3b-4e14-90bd-691fdb6e0ff0,4419
60,x11/10/2010,32.49562814,-109.8304513,e396a9dd-0bc9-4957-b661-1ba559852830,Horse Pasture,03-05-04-00452-52B-K03,,e5ed51b6-e9d2-4579-b8b8-4fa7f7968216,
61,x10/17/2020,32.27451337,-110.6593931,29bd9a76-41e5-4f53-943a-1c0bb11bc23a,Cummings Pasture,03-05-05-00504-012-C03,From shapefile,072aa628-bcef-4a3f-992d-5d07b2bf33a4,
62,x10/16/2020,32.56361836,-109.7512267,94b02882-6982-4541-a4bf-1d5a67e29549,East Pasture,03-05-04-00417-17I-K01,From Shapefile,85c58a9d-59cf-41ee-90d3-82b96c42b543,
63,x9/23/2020,31.50417283,-111.3655419,a2053e6a-a8dd-4b32-82cb-1e17d8b074b2,Jarillas Pasture,03-05-02-00203-010-C06,From Site Notes,fdc15f6b-43f5-43ac-8b42-cd2c11903acf,4226
64,x9/21/2020,31.92640124,-109.1902986,c122581b-ad3e-4a34-a478-1ec30708a88a,Upper Silver Creek Pasture,03-05-01-00102-202-C03,T1,6061615e-5b48-4dcd-94fe-d4bb7f17006e,5554
65,x10/3/2011,32.59473984,-109.7289625,2deaa887-e733-4121-834d-1ef494194adf,Gillespie Mountain Pasture,03-05-04-00417-17F-K01,,b1bc8af3-22c0-4fe9-b3b7-ba4cddd20713,
66,x1/6/2011,32.51631383,-110.2208548,d1b8752f-85f0-48f8-93de-1f033d8b3a5c,Bull Tank Pasture,03-05-04-00434-34C-K01,,83b3364d-a357-40e0-b715-98b72435f804,
67,x1/10/2011,32.44665747,-110.1883265,1983e6f2-080b-42ce-8e82-1f60d6d369ff,Pasture 3,03-05-04-00437-37C-K03,,0b3ba1a2-2580-4678-a9a4-08aadeae0b4d,
68,x10/17/2020,32.44244649,-110.8591049,1c27bbff-3fc0-451b-ba5c-1f82dd80ce4f,Cargodera Pasture,03-05-05-00513-002-C02,From Site Notes,a517cd36-711c-4752-80b1-da1cb2adfeed,
69,x1/12/2004,31.36946389,-110.9947106,82d9c32d-a915-4ee1-a9dc-21250f9b51d5,Potrero Pasture,03-05-02-00216-004-C01,,d9a56dd0-def3-47f4-bd65-ca4ff23b4fd8,3934
70,x9/22/2020,31.38359319,-110.9904398,82d9c32d-a915-4ee1-a9dc-21250f9b51d5,Potrero Pasture,03-05-02-00216-004-C03,From Shapefile,b0ed7586-3cc9-440c-9000-7a57aab18bbb,
71,x9/29/2010,31.78849774,-109.4253493,0eca4ecf-2f45-4e91-868b-2137c005d2e3,Bull Pasture,03-05-01-00114-14S-C02,Reference Stake,2e24189c-1824-45bf-8aea-c57b42d66c11,5795
72,x9/19/2020,31.67811713,-109.4047156,571a5ea9-a094-44a5-9de7-227d1ec5c37d,Holding Pasture,03-05-01-00123-237-C05,From Site Notes,2aefc437-2877-41cc-b914-97c1746c47cf,
73,x12/7/2010,32.56916873,-110.221293,2bf49f06-fce2-44de-818e-23306bd615f7,Lower Pasture,03-05-04-00432-32B-K01,,45b47933-336d-441d-abfc-f418d76b5b94,
74,x9/21/2020,31.93331019,-109.2036173,cfeab772-3f8e-456a-84e3-233f8d3ee9fc,Cemetery Pasture,03-05-01-00102-205-C02,T1,32d9b963-438f-44f0-8402-f1d5bd637a8a,5521
75,x9/14/2020,31.65693643,-109.4047085,b1b8c726-2e60-4e70-89a0-234a8f73ea19,Box Pasture,03-05-01-00122-222-C02,From Shapefile,83335644-cc91-453f-a070-6d500330ac3c,5000
76,x10/17/2020,31.35034515,-110.3010665,38a1ef37-e6cb-494e-b738-23ce16033b57,Eighty Pasture,03-05-03-00326-032-C02,From Shapefile,c7228402-aa60-4a37-8adf-6517dd248c1b,
77,x10/17/2020,31.88346553,-110.3882343,5fdba12f-3cf5-44cc-8970-249f82e3e322,Dolphin Pasture,03-05-03-00303-003-C04,From Shapefile,659aeb4b-fe72-4a4d-ad8c-26e9f1a3f63a,5059
78,x5/17/2018,31.80304973,-110.7400399,d412aa4b-83be-4ad8-a582-24d8c0bb722b,South Basin Pasture,03-05-02-00236-012-C02,,3dd059b1-007c-4e99-a62a-89dcbb2847aa,5636
79,x10/17/2020,32.26210557,-110.4896386,c63bd5c0-c55e-464d-a542-25cc60eecb90,Spierson Pasture,03-05-05-00516-003-C03,From Event Notes,f050570d-179c-48c0-b936-ee8d013eb572,4370
80,x9/22/2020,31.88428985,-109.3137953,05cb77a6-5f5e-400a-bc47-262ad83ef5f7,Upper Turkey Creek Pasture,03-05-01-00106-605-C01,From Shapefile,0729fce1-4e7f-4a73-9252-367af4aff8e7,
81,x9/22/2020,31.87591805,-109.3522353,05cb77a6-5f5e-400a-bc47-262ad83ef5f7,Upper Turkey Creek Pasture,03-05-01-00106-605-C02,From Shapefile,98b8cb1e-7ca1-42ea-ae31-52a2d486a4a4,
82,x9/22/2020,31.85929636,-109.3392776,05cb77a6-5f5e-400a-bc47-262ad83ef5f7,Upper Turkey Creek Pasture,03-05-01-00106-605-C04,From Shapefile,fd8acec8-40d4-4b93-ab10-16ffc2e18935,
83,x9/23/2020,31.50349484,-111.3904229,1d71b12e-5962-46e0-9d97-274179f5d041,Alamito Pasture,03-05-02-00203-004-C05,From Site Notes,cc9db262-7772-471e-a1ef-e09b80a4cee2,4222
84,x9/22/2011,32.54700684,-109.7461426,aedde958-513c-49e7-aacf-276c3db9b629,Lower Home Pasture,03-05-04-00418-18K-K01,,fe8f5be2-09b9-4a80-bf08-7f879e092191,4609
85,x11/1/2010,31.33631687,-110.5365388,fe3559e3-1bb6-4c86-a78f-276e98ac53f9,Mesa Pasture,03-05-03-00321-002-C01,,0fd42dae-9a6d-4272-b9fe-d25bc0578015,4920
86,x10/17/2020,32.30644109,-110.5763553,2d616d1e-f018-4efe-a94c-2834df518471,White Pasture,03-05-05-00502-009-C02,From Site Notes,f1a422e7-0fb3-4b65-840e-66dc3a11b824,
87,x10/17/2020,32.29639342,-110.5716119,2d616d1e-f018-4efe-a94c-2834df518471,White Pasture,03-05-05-00502-009-C09,From Shapefile,1e0c921c-8507-499e-93e7-a78c5b0e6a83,
88,x9/24/2013,31.56537305,-110.5846829,70a85340-8d0f-4cf6-b59e-28570b5f10d0,Reata Pasture,03-05-03-00334-012-C02,,1ebf0d97-048d-4feb-b44f-c01fc2dec09a,
89,x9/19/2020,31.95137049,-110.0408977,48d0394b-7ac0-4e51-8216-288b44e61c04,Lower Forest Pasture,03-05-01-00153-532-C02,From Shapefile,5c62a1e7-0234-4310-822c-156e271a67bd,
90,x9/19/2020,31.94874868,-110.0353913,48d0394b-7ac0-4e51-8216-288b44e61c04,Lower Forest Pasture,03-05-01-00153-532-C03,From Shapefile,9094452d-43a7-4d5c-9d8d-cfa6ccd2bdfb,
91,x10/10/2012,31.88449721,-110.4138048,f1245b46-afb3-4ad6-a72f-29188f04273d,Mountain Pasture,03-05-03-00302-004-C03,,4d73a6e5-af9a-41e8-bd11-2a142f0e32b1,
92,x10/16/2020,32.72923965,-110.3727915,7ca31ef1-532b-4d37-a665-298e8cec3e20,Peach Orchard Pasture,03-05-04-00426-26E-K01,From Shapefile,41354bca-71f1-40b3-98a8-bbc1eb415b96,
93,x10/18/2020,31.48442828,-110.48858,05b99450-39a1-47ec-817b-2a5bc5b6603d,Becker Pasture,03-05-03-00339-007-C02,,274b5252-77b2-473a-8081-4903a0a5c271,
94,x9/21/2020,31.62383837,-109.3409342,1d92e5a3-893f-43b6-b440-2c27f89d3ba9,Buck Creek Pasture,03-05-01-00125-254-C05,From Site Notes,8d642da8-7fcd-4313-a3c6-cd9be12f58e7,5677
95,x10/16/2020,32.91484546,-110.2339259,0ed1971c-67ac-4f29-8171-2c3cfe28524c,Upper Forest Pasture,03-05-04-00404-04A-K01,From Shapefile,9b03ac82-ca5b-4f06-87c4-4069cd5cdb5c,
96,x10/17/2020,31.52849354,-110.4730457,b0ceff3b-6634-419b-992c-2c43c65daac7,Weaner Pasture,03-05-03-00327-009-C01,From shapefile,432a8b1d-a500-4cfa-93e0-b330bc50f2f9,
97,x9/19/2011,32.55777194,-109.7684558,4cba4a54-9256-47dc-89c9-2d1dd91bd66d,Cienega Pasture,03-05-04-00417-17B-K01,,1bb1cd1a-0020-41fa-93c1-ed708ee4680c,
98,x11/16/2009,31.54550186,-108.9872577,7c3a6115-1dc2-4b74-bf70-2d80f4540aa6,South Forest Pasture,03-05-01-00136-004-C01,Start T1,b5913f5c-5a39-4a8e-bc72-24adb0523b63,5555
99,x11/24/2009,31.5595713,-109.010773,7c3a6115-1dc2-4b74-bf70-2d80f4540aa6,South Forest Pasture,03-05-01-00136-004-C03,Start T1,2d756cdf-132b-4051-9337-b328ca064cd1,
100,x9/20/2010,31.34720469,-110.9918838,869d264d-342c-4149-b789-2d91d70336b8,Mariposa Pasture,03-05-02-00219-001-C01,,dcbeaf94-75c2-461f-8b30-f9c15a92bc9c,
101,x9/16/2010,31.35577637,-110.993292,869d264d-342c-4149-b789-2d91d70336b8,Mariposa Pasture,03-05-02-00219-001-C03,,8741bf1e-c061-4dde-9b74-9369c2508f61,4022
102,x10/15/2020,31.47685911,-111.2638864,e452f424-d675-4f50-ab22-2e0921796f91,Sheehy Pasture,03-05-02-00206-004-C02,From Shapefile,b770a288-4380-459d-8d9b-d96a6a30b066,
103,x10/21/2010,31.79405254,-110.6943678,9c81ec44-0db1-4eb2-9f21-2e6585b3bbfd,House Pasture,03-05-02-00253-001-C02,,e3dd266d-f7f2-4883-a8f6-195366cba0a8,4995
104,x10/17/2020,31.34653091,-110.5099434,9570fc7e-9f07-427e-83bb-2e907a821393,Lower Pasture,03-05-03-00309-001-C01,From Shapefile,47a77766-e37c-4ad3-bf6b-7f17fb8e5df8,
105,x10/17/2020,32.25298631,-110.5973477,8d2b268e-93c4-48b1-be79-2f7f79a5710d,Anillo Pasture,03-05-05-00504-002-C02,,bbaba85d-f7ab-41c8-a400-21a5a349dcb7,
106,x10/17/2020,32.24265682,-110.5917143,8d2b268e-93c4-48b1-be79-2f7f79a5710d,Anillo Pasture,03-05-05-00504-002-C05,From Site Notes,febb4415-465d-4cad-8b9f-76c3ce2a9b15,
107,x10/16/2020,32.71816746,-110.3524879,c2b9248d-1213-48a7-ad56-2ff06dfcc341,Horse Pasture,03-05-04-00426-26A-K01,From shapefile,f92ad061-2ef9-4bf0-8b2f-5cff97fde933,
108,x10/16/2020,32.7178012,-109.791218,d1380749-a1be-4bfc-8346-306cfa30da99,Rincon Pasture,03-05-04-00415-15D-K01,From Shapefile,540b406c-3ce2-4a66-9d04-4a31e067add5,
109,x9/30/2009,31.6895794,-110.6667596,bd3a3627-309d-4b4b-9266-30fdb4c686bf,Unknown Pasture ?????,03-05-02-?????-???-K05 ?????,,8678a62a-d5ab-445b-9ef8-76c9c6c58576,4935
110,x9/19/2020,31.67573149,-108.9999464,6460c51b-6e9a-4126-a9aa-32d9dfc726a8,North Pasture,03-05-01-00130-301-C02,From Shapefile,fcead946-7dbe-4106-b91a-b408fdbcb859,
111,x9/21/2020,31.76671252,-109.4071776,f3e8b7f0-ab19-4a7c-9931-333088fdf104,North Pasture,03-05-01-00115-151-C01,From Site Notes,0ec19c74-08a3-4d0b-95fb-ce2e9faff365,5580
112,x9/21/2020,31.76514791,-109.4213421,f3e8b7f0-ab19-4a7c-9931-333088fdf104,North Pasture,03-05-01-00115-151-C02,From Site Notes,279a86b9-014c-422a-a140-453b1ef3fea6,5387
113,x10/16/2020,32.72314508,-110.0906873,36da1a5b-1500-4cb7-bf85-33de4667d7a5,Seventy Six Pasture,03-05-04-00412-12A-K01,From Shapefile,7366eabd-dea9-40d1-839d-7904ec1c8d37,
114,x10/16/2020,32.67613633,-109.9933195,36da1a5b-1500-4cb7-bf85-33de4667d7a5,Seventy Six Pasture,03-05-04-00412-12A-K02,From Shapefile,7ddd19af-89ee-470f-9f02-0fb1a665389c,
115,x10/16/2020,32.69421665,-110.0709577,36da1a5b-1500-4cb7-bf85-33de4667d7a5,Seventy Six Pasture,03-05-04-00412-12A-K03,From Shapefile,bbeeaeff-6965-424d-af62-9ddda6795ccb,
116,x9/20/2011,32.67108218,-110.4431618,efacf4a0-f98f-4160-b497-3450fe2ed0f4,Sombrero Butte Pasture,03-05-04-00443-43A-K01,,1d43a8a7-ecd6-4637-a090-bf2c501fa729,
117,x9/14/2020,31.58563769,-109.4156935,6bbc8487-f63b-4b44-a15a-34b48735c884,Hunsaker Pasture,03-05-01-00124-244-C01,From Shapefile,98df8224-2ca0-4b4a-bbde-8ddb28081eb2,
118,x10/18/2020,31.48519546,-110.5832266,a9393784-c038-4d75-b4fc-35a80caf8c34,Headquarters Pasture,03-05-03-00338-007-C02,From Shapefile,42a5b335-a2e6-46b7-a551-f87dbe4cbd60,
119,x10/17/2020,32.45898625,-110.690015,f7cb6188-1c24-4a50-a963-37cfed9b9922,Upper Alder Pasture,03-05-05-00507-002-C03,From Shapefile,be0ee6a1-45cc-4367-831a-6551c36b0888,
120,x10/18/2010,31.37419633,-110.7570127,b2caae6f-715d-4435-8448-37e64c19a5da,Lower Alisos Pasture,03-05-03-00353-006-C03,,2aaf7fd3-a79f-4709-8d0b-92f68fa511bf,4700
121,x10/13/2009,31.86507039,-109.9213592,192c3e83-9b72-45d0-983e-37ee66f7e84a,Black Diamond Pasture,03-05-01-00158-587-C01,Transect Start,c09c0664-2ce0-4267-86f6-ab5d51dc62f7,5150
122,x9/22/2020,31.66366779,-110.7406609,d2d3d16c-9c27-4a36-bb24-3901945a1ba1,Pilar Pasture,03-05-02-00247-001-C01A,2015 Site,c2664576-ed7d-4541-a55f-6a14654d9c68,
123,x9/28/2011,31.44281181,-111.4014315,27383cd0-52b4-453a-99c8-3b98b56e8c81,Lower Fresnal Pasture,03-05-02-00203-002-C02,,880c22ff-715a-413f-9593-9493cbbcd830,3912
124,x10/17/2020,31.85957163,-110.3598725,fc9ee0fe-0072-4fc1-997b-3c21813bdd06,Rickett Pasture,03-05-03-00306-005-C03,,9d856836-009d-40ec-8b28-e0b4eee4cbc7,
125,x9/19/2020,31.64485231,-109.3350779,8ec874a8-d6b5-474f-ac7a-3e063b10f41a,Doane Pasture,03-05-01-00123-232-C04,From Shapefile,71970615-c842-44c6-93bd-5b39142a5d09,
126,x9/14/2020,31.57717504,-109.4141508,6eb65108-2801-4d15-a369-3e08f4463e06,Big East Pasture,03-05-01-00124-242-C02,From Site Notes,43ed1f8a-6a40-4393-a7b3-887903573475,5013
127,x9/14/2020,31.57669572,-109.3945495,6eb65108-2801-4d15-a369-3e08f4463e06,Big East Pasture,03-05-01-00124-242-C03,From Shapefile,c940da3f-ea94-43bf-b099-443cc73917b6,
128,x10/1/2015,31.37857127,-111.038102,48791faa-a650-4ec8-b0d7-3ea68466df4e,Lower Marstellar Pasture,03-05-02-00218-002-C06,From Site Notes,2923f83d-844c-44c5-b2d7-aa359470ffdf,4306
129,x10/17/2020,32.67370256,-109.755243,ce04d474-e178-464b-b80b-3f2c749a586c,Veach Pasture,03-05-04-00416-16A-K01,From Shapefile,c01c8cb0-e30d-4679-b3a4-923f280373fb,
130,x11/24/2010,32.60432622,-109.7557986,ce04d474-e178-464b-b80b-3f2c749a586c,Veach Pasture,03-05-04-00416-16A-K02,,9fc1c0f4-82c1-448e-a97d-35ddca5c5755,
131,x10/17/2020,31.5727717,-110.4810904,21fdf239-c805-4d82-9a2a-401c7185ccf5,Lyle Pasture,03-05-03-00328-001-C01,From Shapefile,87a6da0b-b4ea-4f93-ac7c-60c1064918bb,
132,x2/10/2014,31.42038059,-110.6571833,8779f722-1e81-47a0-bb2b-409d0ac16dea,Forest Pasture,03-05-03-00350-001-C01,,dca4a98e-280c-4d47-9303-077b768fd850,5180
133,x11/12/2015,31.44887721,-109.0577601,43a45cb0-547d-49ce-b580-40f8ddcc0087,Sycamore Pasture,03-05-01-00138-384-C01,From Shapefile,1a917593-2415-45c1-8536-e3ca51fb0fc9,5250
134,x11/12/2015,31.44193218,-109.0512647,43a45cb0-547d-49ce-b580-40f8ddcc0087,Sycamore Pasture,03-05-01-00138-384-C02,From Shapefile,43538818-2431-4f45-8fab-50a209cbe50b,5275
135,x9/19/2020,31.44052784,-109.0777116,43a45cb0-547d-49ce-b580-40f8ddcc0087,Sycamore Pasture,03-05-01-00138-384-C03,From Shapefile,f1c7a085-f670-4fd4-b8ec-7a5cba7847a9,
136,x9/22/2020,31.6896044,-109.3234554,97595e59-d164-41d8-8657-41453d56543b,Lower Tex Pasture,03-05-01-00121-123-C02,From Shapefile,4aebf4a4-fd60-41ff-a1e4-435a0789dfcd,
137,x10/16/2020,32.67214705,-109.9896636,b27e0c4b-0f9f-485e-9f2e-41730ffb38be,Bonita Pasture,03-05-04-00424-24A-K01,From Shapefile,0f78a880-bfa0-443a-9654-420e2ba17fe4,
138,x10/17/2020,32.2949109,-110.6662524,1fa6072e-dbf0-418c-876d-41c3a943b051,Palo Verde Pasture,03-05-05-00504-008-C01,From Shapefile,f3288072-717b-400c-b191-0dbb605e8d0c,
139,x10/10/2012,31.82123396,-110.3699004,ff7be869-de12-43cd-aeb4-4208829a3cb9,French Joe Trap Pasture,03-05-03-00318-001-C06,,e334da2b-2e72-46c3-9e18-dce489090b62,
140,x9/21/2020,31.91968874,-109.9324732,bb3f6254-7bda-45ec-a94e-42536b12f284,Grapevine Pasture,03-05-01-00157-574-C05,From Site Notes,f8c7950c-9d8d-435d-b7c0-74c17f767cdd,4911
141,x10/20/2009,31.84490594,-109.4060148,d198ef91-6ddc-4457-964f-4261feed4686,Southwest Pasture,03-05-01-00111-114-C01,T1 Start,2998aa5f-d95c-4884-bd18-40f09189a23d,5575
142,x11/15/2012,32.62804152,-110.242647,42e27281-a6e9-4286-87d3-43f2fc2c12e5,Paddy's River Pasture,03-05-04-00430-30A-K01,,67a83789-892c-47d0-8552-a7df61b6a75e,
143,x11/15/2012,32.61214284,-110.2300552,42e27281-a6e9-4286-87d3-43f2fc2c12e5,Paddy's River Pasture,03-05-04-00430-30A-K03,,267ebcb4-bcc0-43dc-ae09-d733f6d6b49c,
144,x10/11/2011,31.83319038,-110.3833035,b52899cf-1381-4702-a742-43ff67b9b468,Star Pasture,03-05-03-00306-008-C03,,7961dd1e-1c12-4575-990c-ec3de303c652,
145,x10/17/2020,31.42043132,-110.4346699,95d866c3-c76b-4bb7-a145-4454c1f73af3,75 Pasture,03-05-03-00326-016-C01,,81e7fb81-60fc-4fe7-b927-2877925c7052,
146,x9/25/2012,31.38795783,-110.6554606,f3334615-6efa-4122-a19e-445df92f92b6,Two Pasture,03-05-03-00345-003-C02,,e80b1a1d-8404-400d-a734-e057fa7af1f2,
147,x9/19/2020,31.53846461,-108.9974875,06ba19a5-8b62-4d85-9a67-44603cd025f2,Graves Pasture,03-05-01-00133-331-C01,From Site Notes,1e2ac70b-28d7-452d-9485-22583a67f252,
148,x9/19/2020,31.51018329,-108.9590201,2e214b70-ba0c-4482-be46-4481ad97d732,Lower Forest Pasture,03-05-01-00137-371-C02,From Shapefile,105928f3-4d51-4c69-9c33-aca9817f3456,
149,x9/21/2010,31.607534,-110.7654962,f5e2a8fa-4d09-4119-9238-45284f5e28c2,Smith-Stevens Pasture,03-05-02-00250-008-P01,,51d7d137-5ff8-4519-b0e6-f5fe8e2e724c,
150,x10/7/2010,31.59761457,-110.7538414,f5e2a8fa-4d09-4119-9238-45284f5e28c2,Smith-Stevens Pasture,03-05-02-00250-008-P06,,185b5755-b535-4935-bd18-38165ef45f7d,4580
151,x10/3/2011,32.52528642,-109.771742,6c54ff51-9096-4c5b-9134-45e03cfb9023,Upper Home Pasture,03-05-04-00418-18J-K01,,16a6c959-178b-4926-a497-ff6f09e81e01,
152,x9/19/2020,31.49608409,-108.925862,6d6d28d9-e363-4f64-9d70-466c5f39df4b,House Pasture,03-05-01-00137-374-C03,From Shapefile,ad017160-8e68-4732-b020-3eb523284535,
153,x10/5/2009,31.57278182,-110.4574531,c531eb7f-0b14-4596-a70a-47315b1c7e82,Sycamore Pasture,03-05-03-00344-001-C01,,21907eeb-e63d-42cd-b0f7-c4b309a89597,
154,x10/26/2011,31.47849641,-110.5201321,ab5a868e-f06a-48be-b6c7-47aff62554f0,Upper Pauline Pasture,03-05-03-00332-006-C02,Rock Carin,7c619583-e85d-4e5e-97c5-43d009bf4f99,5557
155,x11/16/2009,31.61581092,-110.8876297,20681c2b-7d91-428b-8837-494f3f6c064d,East Pasture,03-05-02-00246-003-C01,,21fa5fd8-a7dd-4ed1-9c29-0001a4d755a4,4565
156,x11/17/2009,31.61406618,-110.8571096,20681c2b-7d91-428b-8837-494f3f6c064d,East Pasture,03-05-02-00246-003-C02,,c80c4c54-6e7d-4069-b4fd-13fb55fef771,5587
157,x11/12/2009,31.63682892,-110.8831225,20681c2b-7d91-428b-8837-494f3f6c064d,East Pasture,03-05-02-00246-003-C03,,582a98cc-d71b-40d3-b1f7-ae1e27397b05,5103
158,x11/12/2009,31.61515972,-110.8761489,20681c2b-7d91-428b-8837-494f3f6c064d,East Pasture,03-05-02-00246-003-C05,,3cf2ab51-7758-403e-a7fe-2bce0bce08b3,4605
159,x10/16/2020,32.7503749,-110.4314393,4ebe289c-cc88-47de-9e9d-4967750ec01d,Copper Creek Pasture,03-05-04-00444-44A-K01,From Shapefile,6b7da9ed-1b3b-4785-b5cf-2a1eb6641d4a,
160,x9/18/2012,32.72475868,-110.4379301,4ebe289c-cc88-47de-9e9d-4967750ec01d,Copper Creek Pasture,03-05-04-00444-44A-K02,,91e51c92-3a93-4999-bf0b-f9b86513f7d0,5230
161,x12/11/2012,32.70089605,-109.8146595,fb3b7da0-8044-4d4b-8f0b-4986c60f7042,Upper Marijilda Pasture,03-05-04-00415-15C-K01,,19aaa549-6ca5-4e27-ac10-d6b0b8c4f60c,5584
162,x10/17/2011,32.54787127,-109.805269,7d4753d0-92c0-4330-add7-4b6373f8bbf3,Upper Cove Pasture,03-05-04-00418-18D-K01,,27944c02-fae5-40dc-9429-aaa8a4fc0adf,
163,x9/22/2009,31.54605266,-110.5891617,2ee2ee08-cf2d-4dcb-89aa-4c4568a610cc,Pinto Pasture,03-05-03-00334-013-C02,north aspect- top of ridge near trail.  Park on dam of pinto tank-transect approx. 600' from tank.,820e292a-bc3e-4986-88da-0e4d160a973c,5500
164,x10/17/2020,31.4279203,-110.2578888,25512e9e-48e1-4040-aa71-4c89ea49d744,Miller Canyon Pasture,03-05-03-00330-001-C01,,43fad14a-ff71-4d16-875c-1baae85e3385,
165,x10/17/2020,32.39498125,-110.6118492,39dddab2-c980-467f-84ed-4cbf1ffcdceb,Buehman Canyon Pasture,03-05-05-00505-001-C01,From Shapefile,5d876115-2ea6-4fd9-b23c-652c7373409e,
166,x10/17/2020,32.40574917,-110.6380053,39dddab2-c980-467f-84ed-4cbf1ffcdceb,Buehman Canyon Pasture,03-05-05-00505-001-C02,From Site Notes,97a1e574-2417-4482-bb23-8d7c9be7a048,
167,x10/17/2020,32.41078397,-110.6169819,39dddab2-c980-467f-84ed-4cbf1ffcdceb,Buehman Canyon Pasture,03-05-05-00505-001-C03,From Shapefile,4f03c67e-dcbb-488e-ad68-0c94aebe0031,
168,x9/21/2020,31.6158002,-109.3618327,bd23d0f7-4805-43d1-9b24-4d126edd2ca2,Halfmoon Pasture,03-05-01-00125-252-C02,From Shapefile,711ec162-a952-42e5-9ade-139c69d6d0b4,
169,x9/21/2020,31.59488475,-109.3571929,bd23d0f7-4805-43d1-9b24-4d126edd2ca2,Halfmoon Pasture,03-05-01-00125-252-C03,From Shapefile,ec7ece6d-200a-4ebe-b59c-7a31e8f2d15b,
170,x10/5/2009,31.37459404,-111.1626549,994aff8f-c94f-4024-8ed6-4d8cbb079249,Border Pasture,03-05-02-00208-002-C02,,9b85da44-35ed-426d-bdf4-760b815ab42a,4694
171,x10/17/2020,31.51159365,-110.4684225,199b6088-4217-4969-b43d-4dbc814af0dc,Algerita Pasture,03-05-03-00327-007-C01,From Shapefile,b8864843-4b94-4e9a-a9c7-aee8dd167179,
172,x10/15/2012,31.53693558,-110.5451789,dc087567-8693-4427-b90f-4e417c101b7a,Bull Pasture,03-05-03-00332-002-C01,,19ce1126-01bc-4afc-bee2-670b36b6b25b,
173,x10/17/2020,32.48440029,-110.8559955,1288de2c-3a9d-4abe-a745-4eeb309915b1,Iron Springs Pasture,03-05-05-00513-003-C03,From shapefile,257926a3-62bc-4513-9cf5-9582990c7e43,
174,x11/12/2009,31.8994097,-109.2174609,970a416d-baff-481c-9a7f-4f7dc6c284a0,Whisker Pasture,03-05-01-00107-706-C01,Start T1,17f1e839-3a27-4458-83cd-10443b1f1b19,5729
175,x9/29/2009,31.74146179,-110.7214832,9d135846-4b3c-4fcf-9ddc-51095ddb55fb,Gardner Pasture,03-05-02-00241-004-C04,,9404875f-1c8d-4295-88e4-33bd16e26eba,5070
176,x12/10/2014,31.73404597,-110.7095236,9d135846-4b3c-4fcf-9ddc-51095ddb55fb,Gardner Pasture,03-05-02-00241-004-K15,,8c3842ff-00bd-4315-895f-dbf9879149f1,5017
177,x10/4/2012,32.58505631,-110.2172986,5022501c-14a6-478d-abc8-5109c7d1c56f,South Pasture,03-05-04-00431-31B-K01,,39bad8d2-5b8c-492f-a446-586f68f04046,
178,x10/17/2020,31.56513469,-110.6004796,5c04ab35-6c78-4b92-86bc-5158b9044275,La Falda Pasture,03-05-03-00334-010-C01,,de39bca9-e519-4b03-b6fb-427ade7da564,
179,x11/23/2010,32.58647939,-110.7845588,073d3ea0-c1e0-440e-bd6f-51ba8c7e7a0d,Irene Pasture,03-05-05-00503-004-C05,,0f12c933-3964-486a-8ae7-0a8e05d6bccb,4635
180,x9/22/2011,32.53356788,-109.7114465,71c6c568-9e66-4108-8767-5269ff9296d5,Oak Draw Pasture,03-05-04-00418-18G-K01,,90c827fc-9680-460e-8af3-35957d70c24d,
181,x9/19/2020,31.63660103,-109.0136468,acc7dac6-08dc-4d8c-bc98-52d2dcfe7949,Long Canyon Pasture,03-05-01-00129-295-C02,From Shapefile,ec6b0e94-8e92-4c50-8b30-0100b9eb2fb1,
182,x9/15/2011,32.56266968,-109.7188061,48e2948a-b8eb-408a-b5f1-532562a5f2ff,South Pasture,03-05-04-00417-17H-K01,,8fde5111-0c7a-4cef-b52c-1006b3c6a5f1,
183,x12/13/2010,32.53865705,-110.2473385,1738baf3-ebab-4597-bfce-548948fcd376,Knob Tank Pasture,03-05-04-00434-34A-K01,,a847eb0e-eba4-4541-b77b-bb5545e2022d,
184,x10/17/2020,32.52316636,-110.2409833,1738baf3-ebab-4597-bfce-548948fcd376,Knob Tank Pasture,03-05-04-00434-34A-K02,From Shapefile,6b5493a9-b042-4195-b3fb-cdf71e93c5a5,
185,x9/21/2010,31.58693066,-110.7626176,93652571-e2bd-4c53-ad0e-54aa1be172a0,Gringo Pasture,03-05-02-00250-007-C04,,fe444648-6088-47c1-b95f-a0cea543d581,
186,x10/16/2020,32.90412628,-110.2217214,eaf011d9-8c33-4e60-901a-54ba8bfe59a7,Holdout Pasture,03-05-04-00404-04X-K01,From Shapefile,4e1d1724-6cbb-4c84-a71a-c26038132232,
187,x10/17/2020,31.48119371,-110.6895357,a4e49616-97c3-4e3e-b463-55e246724b81,Middle Pasture,03-05-03-00319-002-C03,From Shapefile,86b56d9b-6a31-4cae-8ce1-0a17452d07d6,4950
188,x9/11/2012,32.595793,-109.8514326,97f107f5-3a9d-489e-a02e-55f9abe35cc8,Stockton Pass Pasture,03-05-04-00419-19C-K01,,b4652a4c-9a18-4c8a-8c1e-e5a51bd5c65a,5778
189,x10/16/2020,32.52774171,-110.3650274,7c44063e-761d-41ff-955e-5680c3de2209,Bayless Pasture,03-05-04-00440-40A-K01,From Shapefile,76aa4b43-d4c1-4e04-a45f-5ca42213c51e,
190,x11/22/2011,32.91674005,-110.1663212,61e8183a-72a6-4c3c-a77c-56a463629d8a,Kane Springs Pasture,03-05-04-00405-05A-K02,,53a84df1-0adf-4080-becb-4f28a7193efe,
191,x10/16/2020,32.48582226,-109.8303653,478d253e-e29f-46dc-8ba6-56df1f5b18aa,Snake Pasture,03-05-04-00452-52C-K01,From Shapefile,fc5b37a6-e80a-48a4-986a-7be861ed4e55,
192,x9/22/2020,32.09195566,-109.2773039,8fe263f5-1a4d-4c80-8bc4-5717dc6fac56,Willie Rose Pasture,03-05-01-00147-471-C01,From Shapefile,8e60698c-3002-4364-8ec0-244d09ea3f81,
193,x9/22/2020,32.08442282,-109.2672956,8fe263f5-1a4d-4c80-8bc4-5717dc6fac56,Willie Rose Pasture,03-05-01-00147-471-C02,From Shapefile,672df74c-bf49-4888-9638-394506b3a500,4729
194,x10/4/2012,32.59681003,-110.2245492,007ea815-c29f-4ae9-850b-571a720c9736,North Pasture,03-05-04-00431-31A-K02B,,746ed9b1-1b2a-4d9a-a86f-b22509a01734,
195,x10/17/2020,31.39927155,-110.6868814,60c9ce2b-845c-4b23-ac52-599fdd312d16,Three Pasture,03-05-03-00345-004-C06,From Site Notes,17eccef7-e672-4c7a-abf0-6c4eb4adc92b,
196,x10/13/2010,31.46898847,-110.6867337,de38516d-ba2c-499b-a67f-5a62213738bb,Big Canyon Pasture,03-05-03-00315-003-C05,,f4c57508-8f0e-4286-9ac8-175f162ce321,
197,x10/17/2020,32.18119584,-110.4662443,254917a6-5ba8-4ca2-8819-5aa775e08243,Lower Turkey Creek Pasture,03-05-05-00518-004-C01,From Shapefile,1e18126b-92ba-486f-b698-335202fe799f,
198,x10/17/2020,32.16074868,-110.4737448,254917a6-5ba8-4ca2-8819-5aa775e08243,Lower Turkey Creek Pasture,03-05-05-00518-004-C02,From Shapefile,7c89d637-863b-47c1-95de-1282e9610f1f,
199,x12/15/2009,31.87667242,-109.2370213,099b05a9-bc3e-4767-9455-5bcbddae31cb,Green House Pasture,03-05-01-00107-704-C02,Start T1,8903e105-c1a4-4de1-88a8-ddec59d2522c,6033
200,x11/18/2009,31.88478981,-109.2143598,099b05a9-bc3e-4767-9455-5bcbddae31cb,Green House Pasture,03-05-01-00107-704-C04,Start T1,27e9f83b-c50f-469c-9687-dfff18e87a1c,5570
201,x10/16/2020,32.73124318,-110.3987646,48f1ac36-a35b-45ea-8e9d-5d7becfd2320,Upper Pasture,03-05-04-00425-25A-K01,From Shapefile,47629250-9fad-4094-ab01-c915dd8e65c2,
202,x9/22/2020,31.53835684,-109.0708434,dbe94c1a-3bc4-4356-8ae6-5ddc54dcb6f2,Fairchild Pasture,03-05-01-00131-312-C01,From Shapefile,5daf86f8-12a8-4af8-9ffa-b24d2150c443,
203,x9/22/2020,31.53394645,-109.0858782,dbe94c1a-3bc4-4356-8ae6-5ddc54dcb6f2,Fairchild Pasture,03-05-01-00131-312-C02,From Shapefile,6a3e73f5-745c-405f-8ccc-c4a692d1e105,
204,x9/22/2020,31.52026007,-109.0929386,dbe94c1a-3bc4-4356-8ae6-5ddc54dcb6f2,Fairchild Pasture,03-05-01-00131-312-C03,From Shapefile,b555aeca-1796-451e-ab52-57bbf798a25d,
205,x11/28/2012,32.69415306,-110.2952789,d56c8aa9-f8ce-4804-ab67-5ded3726737d,Willow Creek Pasture,03-05-04-00428-04A-K01,,f2fb269a-ccec-4040-9fbc-e04888219303,
206,x11/28/2012,32.70053997,-110.3083084,d56c8aa9-f8ce-4804-ab67-5ded3726737d,Willow Creek Pasture,03-05-04-00428-04A-K02,,b5c37f42-09e5-4a80-9e2d-c430a270774f,
207,x4/8/2006,32.37984931,-110.613668,12917330-e32d-4593-bcc4-5dee4bfc6d50,Iron Spring Pasture,03-05-05-00502-003-C08,,6340be75-6c06-4367-a2c0-a35206fe7a51,
208,x9/21/2020,31.93094158,-109.9285879,1fe96eb2-8ec6-4415-a954-5dfd25259ee3,Shield Pasture,03-05-01-00157-573-C03,From Site Notes,539cc048-4d22-45c5-bdcb-17b7a0fab61f,4648
209,x11/18/2009,31.64637765,-110.9228401,03936567-d8f9-404d-a256-5e558e38f987,West Pasture,03-05-02-00246-002-C04,,3a31dae9-9520-42e8-b17e-f5698d6d25b1,4416
210,x11/16/2009,31.63083307,-110.9103782,03936567-d8f9-404d-a256-5e558e38f987,West Pasture,03-05-02-00246-002-C06,,0ef0b279-52fb-49b2-b9d1-189dc541d5a0,4604
211,x9/22/2020,31.67509454,-109.3100988,923a165b-4957-47bc-8ebb-5e59de0206d2,Shake Pasture,03-05-01-00121-124-C01,From Shapefile,25d9c63a-692c-424e-b1d1-7ab319b3d5d4,
212,x11/16/2009,31.59859271,-108.9746928,8ad9e576-3de1-4b2c-837a-5e60d4f03063,North Forest Pasture,03-05-01-00136-002-C02,Start T1,4a3447c7-e573-48e6-a5c7-76afc37b2c8a,5548
213,x9/29/2010,31.65993861,-110.8108486,86a3a82f-a821-486a-b9c4-5e67717e31ce,Walker Basin Pasture,03-05-02-00250-001-C01,,0969f637-3be5-40be-b259-25d7eedd6f89,
214,x9/21/2020,31.92341352,-109.1781632,c8b7a748-60f3-411a-8762-5e84d2a065f0,Lower Silver Creek Pasture,03-05-01-00102-201-C01,T1,002e4408-ad6c-4b3f-a85e-7073d4cce12a,5380
215,x11/18/2009,31.62120231,-110.6608249,e87d56e4-d45d-4492-9572-5e95c787ada3,3-C Pasture,03-05-03-00314-012-C01,,e0b40dd2-121c-41c4-8347-d9d8a82f81f2,5210
216,x9/24/2013,31.59505318,-110.6183557,ccc6abdf-866d-4757-8ced-5eccd8bc61a8,Cordon Pasture,03-05-03-00334-006-C01,,4723b489-25b4-46be-a492-617a14870399,
217,x9/15/2010,31.34624715,-111.0188395,8e9698db-64c5-42cd-8fb7-5f772822d079,Green Pasture,03-05-02-00219-004-C05,,7644f828-72f9-4e47-82e7-00f94c9a7b0e,4335
218,x11/1/2010,31.34702072,-110.5500691,1c851a22-f7ce-453e-b129-5fca380a47e3,Canyon Pasture,03-05-03-00321-001-P01,,d89e1711-8751-4c45-a63e-18a79a521b05,4860
219,x10/15/2020,31.48067796,-111.2919122,0a24b812-3f88-44b6-88d8-5fe0a72fa8db,Yanks Pasture,03-05-02-00206-005-C04,From Shapefile,c734aac6-e770-4725-8b7b-ad0f9c425ffe,
220,x10/17/2020,31.48142498,-110.4710988,0d27a3f8-b18d-4a1f-a249-608fe081a1cd,Upper Lyle Pasture,03-05-03-00327-001-C01,,ea0a1a5f-a8ce-4821-a69f-9c830603fbee,
221,x10/16/2020,32.78078025,-109.9229188,877a227d-115a-441a-b509-60b7638c3552,Shingle Mill Pasture,03-05-04-00411-11A-K01,From Shapefile,e74af0e2-9d20-48bb-8d3b-2126f86d12f6,
222,x9/28/2010,31.62362652,-110.8321158,19c465f1-f39a-401a-9552-6154faefe560,Mountain Pasture,03-05-02-00250-002-C03,,56690867-029b-4dff-880f-32de9ae209a3,
223,x9/28/2010,31.64763078,-110.8430625,19c465f1-f39a-401a-9552-6154faefe560,Mountain Pasture,03-05-02-00250-002-P04,,e92ba3a3-5e9c-4813-9165-dd567eea47eb,
224,x11/16/2011,32.40396008,-110.0511663,1da17f8b-a118-48e9-b7d1-6169e921dd36,Oak Grove Pasture,03-05-04-00447-47A-K01,,6cde6239-d3ff-464d-b903-1d9d6a963d17,
225,x10/16/2020,32.3718936,-110.0466757,1da17f8b-a118-48e9-b7d1-6169e921dd36,Oak Grove Pasture,03-05-04-00447-47A-K02,From Shapefile,faf40e64-674a-462a-b7b6-488308a67b57,
226,x10/18/2020,31.53272802,-110.5031063,14ded491-e550-42a7-9cff-61c6bc02261f,House Pasture,03-05-03-00339-002-C03,,06fcd850-016e-4eee-935a-68377e4ee096,
227,x9/19/2020,31.85069309,-109.9818763,7dfa1b43-f65f-4eeb-808d-61cbb0e5ad90,Middle Pasture,03-05-01-00155-557-C02,From Shapefile,0522ca33-dba0-4b87-9626-68f8276d3ae5,
228,x12/16/2009,31.76094142,-109.3646334,fc9eee2e-3396-4e8f-ac99-622cb693b673,CCC Pasture,03-05-01-00114-146-C05,Start T1,df1a7d6f-44ba-4a98-b121-8e7e5bede3d4,5663
229,x10/17/2011,32.55922768,-109.7864363,7dbee968-8ce4-4541-a86d-62770dd27f8b,Lower Cove Pasture,03-05-04-00418-18E-K01,,b6203b43-c8d5-443e-ab78-4346d4097432,
230,x10/26/2011,31.56965012,-110.5553262,66c74f71-139f-4b9f-8903-632d15d81a68,West Pasture,03-05-03-00336-002-C02,,8dde7968-4ac0-44a7-af5d-fcbdd03eb6a7,
231,x10/17/2020,31.43781333,-110.6476384,303efa90-2c1a-4180-b3be-63a64234f153,Apache Pasture,03-05-03-00342-011-C05,From Site Notes,22c1808a-233c-422a-a284-cbad96e219af,
232,x10/17/2020,32.29409764,-110.6426875,2dc83f15-cc74-489e-b2e6-63b70aa696ea,Hill And Hill Pasture,03-05-05-00504-014-C02,From Shapefile,9a55efff-7675-4e90-bf7b-ac0a2681123d,
233,x10/17/2020,32.0791906,-110.5602837,96d543fc-378f-45bd-8e6d-644253209c5e,Upper Pasture,03-05-05-00525-003-C01,From Shapefile,1ea0a4cc-ada7-4544-989e-423a91407670,
234,x10/17/2020,32.05378131,-110.4567524,dda63881-d57a-4030-9cdd-655655d1773c,Lower Cumero Pasture,03-05-05-00520-001-C03,From Shapefile,d6fcb601-f34b-48eb-945b-c42ac7dc9a6c,
235,x10/17/2020,32.29268888,-110.5367508,afe045bf-41fc-4a6c-9da8-655730fdb694,East Park Pasture,03-05-05-00502-001-C10,From Shapefile,f20ed337-64cc-40bc-a5c5-07dcbb284b29,
236,x9/23/2009,31.50296696,-110.5796516,5f9c1573-5a65-4f63-97c9-66572045ebc0,North Pasture,03-05-03-00347-001-C01,start,82ab0a89-f6c9-4168-8d62-6479a0e0ce31,5275
237,x9/22/2020,31.98934061,-109.2545757,65f6a818-cfc5-43f5-b790-668bd9c6cc76,East Whitetail Pasture,03-05-01-00149-491-C03,From Shapefile,f3159e35-7d01-441d-b4f2-ee3a6d40b694,
238,x3/12/2007,31.66468498,-109.431608,a77ff001-d0c6-44a9-9d83-66cf207c0422,Chalkhill Pasture,03-05-01-00122-221-C01,From Shapefile,5f009d06-a9a6-4312-86e5-52e9867baedd,5000
239,x9/19/2020,32.03110167,-109.2505544,54eec3c2-b6f4-4f1c-b201-66dcfaa11662,Holding Pasture,03-05-01-00150-503-C01,T1,766c196d-851a-4edd-b5f0-8eb7e4c0e81c,
240,x10/16/2020,32.74434571,-110.3543693,129de826-7e34-4ef4-a2dc-677560fe8e3b,Squaw Basin Pasture,03-05-04-00426-26D-K01,From Shapefile,dc04bdf5-03c9-4b27-aa67-7bb80cdd8493,
241,x9/19/2020,31.63406414,-108.9841608,8be0e6e7-ec87-4cb5-9314-67a4d0bec2db,Middle Pasture,03-05-01-00130-302-C03,T1,2c9d63af-b443-4428-abcd-b5a7a766add1,5672
242,x10/4/2012,32.58616827,-110.2323124,60eaf5f9-eaf2-4123-861b-6921a9c84fe5,Upper Pasture,03-05-04-00431-31C-K03,,9e50d4e0-4ac5-4b0a-a2a2-2a114f2ef25c,
243,x10/30/2014,31.38292945,-110.7472513,65e04cd8-c7d8-463e-8147-69b83b18da4d,Upper Alisos Pasture,03-05-03-00353-007-C08,,1cdccb73-2fa3-4e96-9796-a79e2236a4d2,
244,x10/16/2020,32.61800403,-109.8991432,e57203ce-fa55-4c03-ba70-69fc819caf2e,Grapevine Pasture,03-05-04-00419-19A-K01,From Shapefile,6dbbd1ee-e98e-4ca0-9a26-985f11a27109,
245,x10/13/2009,31.86815571,-109.9256257,b15702b9-3aba-40bd-82d4-6b142a4e5b9a,Bull Pasture,03-05-01-00158-586-C02,Start T1,83b4faab-8750-4da1-b2c8-695a164ec87e,5161
246,x10/16/2020,32.67983527,-110.2452714,63d83a17-9815-4e52-9c2c-6c892a055665,Lower State Pasture ?????,03-05-04-00429-???-K01 ????? (Lower State),From Shapefile,108973c1-3fb6-4bd6-88e8-beb0d175c20e,
247,x9/15/2011,32.5769848,-109.7179527,aafb209a-328e-4dc5-93f1-6ca384a8e2b5,Rincon Pasture,03-05-04-00417-17G-K01,,37b96066-0807-4d04-bf01-58bfcb95480f,
248,x9/19/2020,32.00047293,-110.0219347,420a1817-552f-452f-bc38-6d413959402e,Special Use Pasture,03-05-01-00152-525-C03,From Shapefile,303a02a5-baa0-4ae7-bb85-0b744b46c961,
249,x9/11/2012,32.60877833,-109.8719204,a68533f5-4c4e-493a-8fe0-6dc933e363b4,Big Creek Pasture,03-05-04-00419-19B-K01,,2871e6e4-1d0c-4fbd-8c8a-5ae807275191,5756
250,x11/24/2009,31.36652963,-111.1611688,ba8fb376-97f7-4219-b914-6e30471d2209,Upper Amado Pasture,03-05-02-00215-001-C01,,c55c445a-c135-45f4-b894-5c228d3b4dd8,
251,x3/29/2011,31.79713652,-110.7660011,2b8dade4-0cb5-4269-8d65-6ed2985e1d1c,Pasture 3,03-05-02-00235-003-C03,,304e9960-8e50-4e4b-909c-61c0122d70fe,4931
252,x9/21/2011,32.59033757,-109.7660074,904d71d0-69ea-48c6-a099-6eeeeb22efe6,Righthand Pasture,03-05-04-00417-17D-K01,,0246c8ec-eb8f-43c7-aade-632175c6eeaa,
253,x9/24/2009,31.34513773,-110.6662032,7dec5091-82f7-4bc4-8d1d-6f2aa85da5dd,Fourteen Pasture,03-05-03-00345-013-C04,Start 185 Degrees,95fba542-5257-4638-b944-9f9e3bdef11f,
254,x10/17/2020,31.46242344,-110.8071522,90e24dae-a053-4967-a12e-6fec7e0ce8c5,Upper 3R Pasture,03-05-03-00324-002-C06,From shapefile,4cf63709-88d5-433c-928d-278daeab650a,
255,x9/14/2020,31.70617901,-109.4366396,0d7bd628-d5a3-4093-a557-70be1b9bf879,Meadow Pasture,03-05-01-00120-202-C02,From Site Notes,c368b27b-c4e7-4253-878c-f65cc6577459,5193
256,x10/17/2020,32.23766285,-110.6501475,5570323b-c746-4547-b5dc-71cfa38770b8,First Pasture,03-05-05-00504-005-C01,From shapefile,7fc4981c-0528-40cc-b101-bd4d461d6093,
257,x10/16/2020,32.73685218,-110.3726315,17d027a8-d912-4ede-b347-72d692a74978,Mud Springs Pasture,03-05-04-00426-26C-K01,From Shapefile,3ba5c63c-8f1a-4a64-bf33-13a45a92c0b6,
258,x9/19/2020,31.52616515,-108.9782376,2af80557-e0e3-45eb-8ee4-73d67d6928aa,Upper Forest Pasture,03-05-01-00137-372-C01,From Shapefile,64f16642-0449-48c2-b89f-b55fdf42a38e,
259,x10/16/2020,32.37806835,-110.1521273,1718e938-6541-43ef-a3c0-7446640f43d2,Polecat Pasture,03-05-04-00448-48A-K01,From Shapefile,9c8515c8-171a-4544-80db-3e9e613865c0,5915
260,x2/15/2006,31.71752218,-109.4303707,0a3cc6d0-a776-4604-acd7-744efe23e0b7,Lower Bruno Pasture,03-05-01-00120-203-C01,From Site Notes,8f74fd3e-2883-4e2e-b29a-e3fd1b8d9b55,5334
261,x10/17/2020,32.15456557,-110.4454766,ba9023a6-dcd7-4146-b88f-7467e8778abb,Bull Run Pasture,03-05-05-00518-002-C03,From Shapefile,b38f9bdd-f040-4471-b0f7-e55575ec40ed,
262,x10/21/2009,31.80215508,-110.7672562,7968a6bf-2f42-414f-8a09-74a990564800,Deering Spring North Pasture,03-05-02-00238-001-P02,,443db598-bae8-4c4c-882d-18bc715747e2,5043
263,x9/21/2010,32.78983329,-109.9851954,7cf1f118-772b-4241-a175-74fd57a3ca83,Taylor Pasture,03-05-04-00411-11C-K01,,b12814af-b769-4b8b-a901-a28937cfd97d,
264,x9/22/2020,31.90610622,-109.4136738,5a9caa1c-95be-4471-92c9-75b0e4b7400e,Witch Pasture,03-05-01-00105-503-C04,From Shapefile,2b5a3f1f-073d-46f6-8222-67ab02a41527,
265,x9/22/2020,31.90201116,-110.041632,f5c47240-837a-4520-8d4b-75b5093f59b2,Packard Pasture,03-05-01-00154-544-C02,From Shapefile,252c5e25-c930-4663-9f02-70a022fe62eb,
266,x9/24/2013,31.61239365,-110.6152275,6ddb45e8-0b0d-4ddc-ad6f-764733bb8cc5,Rincon Pasture,03-05-03-00334-004-C03,,893f8e79-8fb5-4a05-828e-e099553d53c2,
267,x10/17/2020,32.51441354,-110.8341003,13e66639-97b3-42bd-933d-766dc467deb4,Deer Park Pasture,03-05-05-00513-004-C01,From Shapefile,eef2d43a-a768-45e7-8e23-ac1ac49e59b2,
268,x9/21/2012,31.38659448,-110.5326109,4f9ddda6-7232-4de5-83da-76ba1e124c55,Jones Pasture,03-05-03-00326-003-C01,,60efe211-1faf-4cae-bf25-b832cc7d7656,
269,x10/20/2010,31.42125069,-109.0167077,92b541fb-8a9f-4b16-ac15-789d966aef26,Upper Guadalupe Pasture,03-05-01-00143-431-C01,T1,ba97f484-603a-4eb6-97b2-804c9eea79ee,5000
270,x12/13/2010,32.5573543,-110.2334632,62188433-8b86-4799-ac02-78d84511476b,Lower Pasture,03-05-04-00433-33B-K01,,ff20cce0-1fa3-456a-bd87-3573f28679ce,
271,x10/17/2020,32.20678857,-110.4596648,d1c84919-4bab-4093-a4c5-799ae39c21c1,Lower Pasture,03-05-05-00517-002-C01,From Shapefile,b02ee91e-2453-427b-9d31-663e947a7fa0,
272,x10/17/2020,32.21552152,-110.4534371,d1c84919-4bab-4093-a4c5-799ae39c21c1,Lower Pasture,03-05-05-00517-002-C02,From Shapefile,c61041d4-eb04-4a0f-bcc0-c5d7716a1e56,
273,x11/4/2009,31.67206994,-110.9534444,5cf34b3b-08e4-4e79-964d-7a16c7a42e26,Agua Caliente Pasture,03-05-02-00245-001-C02,,718c9c6d-24f0-4d1f-ac56-5172d2439e9d,4180
274,x11/3/2009,31.69535074,-110.9399154,5cf34b3b-08e4-4e79-964d-7a16c7a42e26,Agua Caliente Pasture,03-05-02-00245-001-C03,,5c026297-7c5e-4f68-8fd5-011942d3dcc4,4329
275,x11/3/2009,31.65753563,-110.9551183,5cf34b3b-08e4-4e79-964d-7a16c7a42e26,Agua Caliente Pasture,03-05-02-00245-001-C04,,ed2168c0-ecb7-465e-84fb-872878a14b9a,4052
276,x11/4/2009,31.68041833,-110.9387011,5cf34b3b-08e4-4e79-964d-7a16c7a42e26,Agua Caliente Pasture,03-05-02-00245-001-K01,,6c4a9dc2-f9bf-43ad-a117-557f0130f1d8,4492
277,x10/16/2020,32.91535059,-110.2984614,f0066143-a371-4e76-bd3f-7adcaa3e3ce7,South Reef Pasture,03-05-04-00451-51A-K02,From shapefile,ab494849-0a30-4242-b5d9-9d1e1584f4d0,
278,x10/16/2020,32.91031772,-110.3098792,f0066143-a371-4e76-bd3f-7adcaa3e3ce7,South Reef Pasture,03-05-04-00451-51A-K03,From shapefile,0995cd8a-3123-471c-b6ae-131537c95ecf,
279,x11/10/2011,32.7939383,-110.0984897,d3fb283c-1f06-465d-bfbb-7b5646e6a8a7,Two Troughs Pasture,03-05-04-00410-10A-K01,,b5c852ab-da15-4117-ad51-2f95d62f7cd9,
280,x9/21/2020,31.88308823,-109.9216356,903091b3-d184-440b-84ec-7c1585f36e63,East Noonan Pasture,03-05-01-00157-578-C01,From Site Notes,62193e09-ec97-4f1f-b509-5898238d10f6,
281,x11/21/2016,31.60759769,-109.0162655,5de062df-7e7d-4523-b88a-7cf0f10534ff,Upper Deer Creek Pasture,03-05-01-00129-291-C04,From Shapefile,c4bc342b-5eca-429a-a095-8729210bf6d6,5260
282,x9/22/2020,31.83832483,-109.9047728,75f1edd2-dd33-42f6-aef3-7ebcc7edb341,Upper Forest Pasture,03-05-01-00161-611-C02,From Shapefile,243f8351-222e-4083-a768-1d0e9b5a0392,
283,x9/29/2011,31.5203699,-111.3317641,c29af25a-dba2-44f8-b11e-7ec1d8a528e9,Mule Shoe Pasture,03-05-02-00205-004-C01,,d454e48c-8b29-42af-9a80-f45c8c6f4d79,
284,x10/27/2011,31.57358264,-110.5322391,22ffe7e4-7663-4715-bdd5-8033bc4ef808,East Pasture,03-05-03-00336-003-C03,,47eee725-7a38-4a1e-b825-0f302d5225fb,5000
285,x9/22/2020,31.96260476,-109.3967576,2a488b7b-dcf1-4248-8f09-80492b967938,Pine Canyon Pasture,03-05-01-00104-402-C03,From Shapefile,5e9f8074-7adf-4e0f-85c7-f4442fbf0e9e,
286,x10/21/2014,31.3818173,-110.8208735,e7bfc53b-cf09-4647-ba6c-809edfcf2718,Bull Pasture,03-05-03-00351-005-C02,,eef8504f-eaba-44cc-beaf-da022b3141b6,
287,x11/22/2010,32.53986138,-110.7968536,413b8e39-a869-46a3-9980-80b9ae1f5bba,Pig Springs Pasture,03-05-05-00503-002-C01,,7b91d860-e51d-4981-aedc-5a8c714f29fa,4520
288,x11/23/2010,32.5548154,-110.7843362,413b8e39-a869-46a3-9980-80b9ae1f5bba,Pig Springs Pasture,03-05-05-00503-002-C03,,78fd7498-4ebb-4281-bb3b-1ee85c90191f,4370
289,x10/24/2011,32.66358021,-110.2774432,b034f2c7-8d98-49b8-b8fa-812d5b262d4b,Upper Home Pasture,03-05-04-00429-29H-K01,,18ac5260-5253-464c-84fc-f09ca8dff1bc,
290,x9/22/2020,31.58742966,-109.0686841,3f6824ff-5060-4fbb-bb17-81485e60c1cb,Skeleton Pasture,03-05-01-00131-311-C01,From Shapefile,3dbf54fa-466a-4332-8189-5080a1dcda90,
291,x9/22/2020,31.56452656,-109.0769838,3f6824ff-5060-4fbb-bb17-81485e60c1cb,Skeleton Pasture,03-05-01-00131-311-C02,From Shapefile,99b3db50-4650-4163-abf9-cc42a775bff9,
292,x9/22/2020,31.54541554,-109.0741634,3f6824ff-5060-4fbb-bb17-81485e60c1cb,Skeleton Pasture,03-05-01-00131-311-C03,From Shapefile,b687c42a-48ae-4501-8fd1-1635fd7d5d05,
293,x10/1/2010,31.41067481,-110.5130083,88e65539-f622-424b-bc90-820aa8699772,Paloma Pasture,03-05-03-00326-004-C02,,9e12fa89-4b0c-41d0-bda8-677eed164474,
294,x9/14/2020,31.6173675,-109.4298617,1199f934-bbe0-4043-8d84-8432d17af122,High Lonesome Pasture,03-05-01-00122-223-C03,From Site Notes,1084db58-429f-47d5-98f4-a6d2874ddb55,5040
295,x9/22/2020,31.82173614,-109.9422765,258a7c54-ffa9-48f5-9bf3-845d2d48b896,Reppy Pasture,03-05-01-00160-601-C01,From Shapefile,d67bb769-fb5b-4076-8a86-a50063d43f86,
296,x9/19/2020,31.7211514,-109.151434,206f4e1b-fc15-4908-a576-848c915b8ef3,Klaus Pasture,03-05-01-00119-193-C04,From Shapefile,399b6ca3-f3c9-4625-8c89-0c701c4a0b24,
297,x9/14/2020,31.85093809,-109.9112505,111cb8be-abeb-4509-b2d3-8520c2e5dbed,Lower Forest Pasture,03-05-01-00159-591-C01,From Shapefile,c0126f88-c0c4-44ff-b93f-42789380d4c7,5200
298,x9/20/2010,31.84109967,-109.9074877,111cb8be-abeb-4509-b2d3-8520c2e5dbed,Lower Forest Pasture,03-05-01-00159-591-C02,,6db5d6fd-b1e4-4e8b-b378-18a04c8e3047,5180
299,x9/22/2020,31.71122946,-109.2432937,1bd13fbe-ab9d-4832-b36f-854d3ba0cf00,Southwest Pasture,03-05-01-00117-171-C02,From Shapefile,d474af18-d598-4b25-bbd4-aab9d543d6ff,5330
300,x10/28/2010,31.82033532,-110.6988248,2b7e9009-4bd7-4a38-8956-860219f8c011,North Pasture,03-05-02-00253-002-C01,,70b85a61-72a6-47c7-90ff-af4d5c167eb6,5050
301,x10/13/2009,31.38314588,-110.6715483,eebab04c-1d55-428d-99d6-86111fef90f1,Callahan Pasture,03-05-03-00342-004-C08,,685b2a55-83a0-4299-8486-f70dbdf18a9c,
302,x9/22/2020,31.89267415,-109.1260979,87ca2385-69fa-4688-b6f7-8616d4ef8fac,Cienega Pasture,03-05-01-00163-108-C01,T1,6a33fbbf-74b6-47cb-9390-0ce515dfdd20,
303,x10/21/2015,31.90125757,-109.1240314,87ca2385-69fa-4688-b6f7-8616d4ef8fac,Cienega Pasture,03-05-01-00163-108-C02,From Site Notes,8e39601a-0599-4274-8024-5c96b329b255,4839
304,x10/17/2020,31.36286501,-110.4742978,9ee6d737-a137-4e16-a31f-864fe5ec04d0,Tom's Pasture,03-05-03-00307-002-C06,From Shapefile,ed0801e0-33fc-40d5-8f73-fc7eef1c64b9,5115
305,x11/17/2014,31.36850841,-110.4644345,9ee6d737-a137-4e16-a31f-864fe5ec04d0,Tom's Pasture,03-05-03-00307-002-C07,,64136883-2f44-414b-b93b-7307bbc447c1,
306,x9/22/2009,31.54130532,-110.5748762,6f567e2f-975f-4f44-b4a5-86957a94abe9,South Mountain Pasture,03-05-03-00334-029-C01,"On slope above loamy upland. Limestone hills. 16-20"" 4-1 MLRA.",337307f8-3b6b-41a4-929e-b09a94b09938,5448
307,x10/1/2015,31.37314696,-111.0433474,094060e1-804b-45bf-99fe-873282c27d71,Upper Marstellar Pasture,03-05-02-00218-001-C02,From Site Notes,1e6e9561-1e32-458f-8052-fd626ad5af7c,4345
308,x9/19/2020,31.97366575,-110.0437668,f5befae9-c156-48bb-8f1d-874c5071910f,Horse Trap Pasture,03-05-01-00153-533-C04,From Shapefile,aafc53b3-0b36-4f57-9953-d120eeefef42,
309,x10/15/2020,31.75879275,-110.7131105,8e94b442-1779-495c-9073-87658b70e005,South Forest Pasture,03-05-02-00236-003-K02,,3290b11d-a0f1-4c85-9f70-4df88b8bc554,5063
310,x10/13/2009,31.34380851,-110.4399645,76a9efb8-c3e2-4185-af7e-87d9fdb5e0a5,Mesa Pasture,03-05-03-00309-001-C02,,6f7e68e0-87ce-44bb-9f21-b7eb449d504a,
311,x10/16/2020,32.49823139,-109.8079587,2fdbce92-2bd7-423f-a926-8914ba6978b9,O-O Pasture,03-05-04-00452-52D-K02,From Shapefile,2144bc2b-2d82-455c-9ecb-f8bffec33ba9,
312,x9/22/2020,31.67820639,-110.7516244,bf52daa4-5835-4195-8c94-8ab3eb450837,Lower Adobe Pasture,03-05-02-00247-004-C02,2015 Site,b3a55540-3f17-47d4-9ab0-13c60a6cbc60,
313,x9/22/2020,32.09118467,-109.3226775,489480ec-3a9b-4b5c-8e96-8b2770239a83,Lower Wood Pasture,03-05-01-00146-470-C05,From Site Notes,edb124ab-c0e8-4f0e-a285-85da142076f9,5118
314,x10/17/2020,32.5728916,-110.707554,8869cd2f-59ed-48fe-8f43-8b4e57b0a0ae,American Flag Pasture,03-05-05-00508-001-C01,From Shapefile,6a8ac56d-899b-44cf-8b47-c18a0680551d,
315,x10/17/2020,32.56449041,-110.7305699,8869cd2f-59ed-48fe-8f43-8b4e57b0a0ae,American Flag Pasture,03-05-05-00508-001-C02,From Shapefile,f8fc8ccf-23dd-4ed7-9355-25144a6e9b4f,
316,x10/17/2020,32.33863676,-110.5680339,4247059a-e860-4a87-9bbb-8c03dddf228c,Bullock Pasture,03-05-05-00502-008-C01,From Shapefile,fd68d3db-6688-49cc-b54b-77a5a04bff6a,
317,x9/22/2020,31.87585639,-109.3663273,1c9febb1-57d1-4c0c-aa8f-8c4f43511542,Turkey Pen Pasture,03-05-01-00106-604-C03,From Shapefile,45a7b4da-70b8-4a24-9dc0-2efbf34e0ac6,
318,x10/30/2014,31.34812771,-110.7606963,4d4eb3ac-3416-4dee-807a-8cc50c23c13a,Sierra Tordilla Pasture,03-05-03-00353-001-C07,,f65cbd10-01e4-4941-8f25-7ccd20562abd,
319,x10/7/2011,31.8871997,-110.367781,87985e91-5cb3-4898-8465-8d1e8ef0c2c5,Sabin Pasture,03-05-03-00303-004-C02,,6266549b-4fd0-48ca-97b6-d79b2f8b43b9,
320,x10/16/2020,32.62866139,-109.91416,85fd3732-3e60-4a63-acb9-8d7f4b1ccd38,Gold Gulch Pasture,03-05-04-00413-13C-K01,From Shapefile,c4ebcd52-e39a-433e-bfea-72b0846cd23e,
321,x11/18/2010,32.85916637,-110.198356,ea103225-e9b0-458a-93fb-8dce0dfdb506,VJ Pasture,03-05-04-00407-07A-K03,,e6e4864b-2b25-456e-86d3-99ac1d329ae4,
322,x10/16/2020,32.72739741,-110.3511192,10e7900b-d6bf-493e-8c6a-8dd1f44014cf,Bottle Canyon Pasture,03-05-04-00426-26B-K01,From Shapefile,3eafa8fd-d4ba-489b-b765-2d2f3e9f5904,
323,x9/30/2011,31.56520009,-110.5705634,e278fa97-2b26-42bf-a59a-8e8206216f60,Collie Pasture,03-05-03-00334-027-C03,,1e45d996-0da9-4703-b079-52bbd00c83e3,
324,x11/15/2010,31.79981619,-110.7761042,bf504370-168f-43ef-a344-8ee25f74af24,Pasture 2,03-05-02-00235-002-C02,,f72d2dfe-a164-40f7-80ff-2af8ee70e68f,4891
325,x10/16/2020,32.57688444,-110.4127415,b98dcde3-bc74-4544-9f89-9001a27011cb,San Pedro Pasture,03-05-04-00441-41A-K01,From Shapefile,1be4f11c-5503-41ed-937e-3db44e57b225,
326,x10/28/2014,31.41403107,-110.7985296,9dc785ce-0a3c-4585-891f-902894071f05,Javelina Pasture,03-05-03-00351-002-C05,,fa0847fe-38a6-4517-8353-1a767f9ece11,
327,x1/10/2011,32.46184892,-110.1996711,a9d7b4a9-861e-4c10-ac81-90b753093934,Pasture 4,03-05-04-00437-37D-K04,,90cae741-5b05-4b33-979d-23520a8a98eb,
328,x10/13/2009,31.70390951,-110.7968292,a7149c25-6426-414a-8aad-90c164a69699,Pasture 1,03-05-02-00240-001-P04,,ae18491c-7c96-4cd1-b7bc-8c979cf55267,5824
329,x10/17/2020,31.39360189,-110.4605792,29cd99b5-40e6-4c27-9960-90f52628f335,Menefee Pasture,03-05-03-00307-001-C05,From Site Notes,c8204b0e-e8c8-48ac-b505-208599a263ea,
330,x10/24/2018,31.77042328,-110.8360545,1b2d7f34-58c8-4864-b6aa-912df560173a,Lower Sawmill Pasture,03-05-02-00239-003-C02,,c3439aeb-10c6-4cbd-9e48-3d88a904a105,
331,x10/1/2010,31.36666131,-110.4826362,8f0e0929-9520-4d4b-ad97-933a707410fd,Tank Pasture,03-05-03-00326-009-C03,,5887bd6a-d6a1-4fa8-b3e9-8d798102f810,5200
332,x9/22/2020,32.13010542,-109.3723902,4e9a7ff0-e028-4602-9d50-936412185644,Lower Emigrant Pasture,03-05-01-00146-462-C01,T1,fc1ce7a7-069f-4b29-82ee-2f5f6167bfdf,4950
333,x9/22/2020,32.12520682,-109.3667322,4e9a7ff0-e028-4602-9d50-936412185644,Lower Emigrant Pasture,03-05-01-00146-462-C02,From Shapefile,8d01faef-2196-4d59-a2a3-96637697ba13,4900
334,x9/23/2010,32.77789168,-109.8724499,f8f56ba7-ea18-466d-9331-93d8ef41cd1a,White Streaks Pasture,03-05-04-00423-23A-K01,,0c7fdc68-ceb2-46b3-add7-ba1233e54f0f,
335,x10/16/2020,32.74030111,-109.7925899,eaec6e27-ea28-4e65-be75-942d1d34aa42,Deadman Trap Pasture,03-05-04-00415-15F-K01,From Shapefile,8a9a0a9d-8684-4966-8c03-e97531d85913,
336,x10/29/2009,31.85095667,-109.387966,1c464dc2-40e0-4c09-8497-94543307a009,Middle Pasture,03-05-01-00111-112-C02,T1 Start,6402e3ab-52be-4923-b980-7f81584edd13,
337,x9/27/2010,31.61969794,-110.7818084,cfda2d55-2b78-40fc-ab89-957d84656458,Basin Pasture,03-05-02-00250-006-P03,,4c444c8a-281d-45bd-b3db-bb44651ef6d8,
338,x1/5/2011,32.50835858,-110.2298126,1a0b99ff-1ff8-47c2-ba52-970759f90bcb,Lower North Ash Pasture,03-05-04-00434-34F-K01,,b4676f04-627e-4a13-a62b-1d7b24e5dc93,
339,x10/17/2020,32.2482436,-110.6245339,6465eda0-1f7e-4091-ba64-97e6d50528a6,Middle Pasture,03-05-05-00504-009-C01,From Site Notes,9a4d9422-62a9-46ca-8e03-30a7941c4fff,
340,x10/17/2020,32.27402384,-110.6116748,6465eda0-1f7e-4091-ba64-97e6d50528a6,Middle Pasture,03-05-05-00504-009-C03 (2014 events need to be merged once protocols are merged),From Site Notes,b430fc9c-ebc0-4086-89fa-e188d6a1c82e,
341,x1/2/2004,31.39874555,-110.4135101,141fb1bf-8bee-4554-bb24-97fd0b29babf,Lower Joaquin Pasture,03-05-03-00326-020-C02,,6eec345c-79ae-4e76-a340-fa105cf14e47,
342,x10/17/2020,32.08413208,-110.5975811,1b0318e5-774c-4ecc-9d6d-987f615a9102,Rincon Pasture,03-05-05-00524-001-C01,From Site Notes,fb4693da-570c-4f72-99a6-878f7a10960d,
343,x10/17/2020,32.09396395,-110.5942316,1b0318e5-774c-4ecc-9d6d-987f615a9102,Rincon Pasture,03-05-05-00524-001-P01,From shapefile,8c8cf763-d53a-47dc-bada-77dcf41fdd5f,
344,x9/23/2020,31.52747725,-111.3750599,8e139b5d-f919-4a6c-893d-99028df39632,Upper Mill Pasture,03-05-02-00202-005-C05,From Site Notes,34c866a6-2149-4701-a9aa-13117d34273c,4135
345,x10/3/2018,31.7480129,-110.8766165,bed6a37c-3819-4ca6-a7f3-9914a511e18c,Missle Pasture,03-05-02-00243-001-C01,,212458bd-80a0-494c-9751-c304f4168e72,4529
346,x10/15/2020,31.76984444,-110.7169733,9c7726c6-92ad-42a6-b077-994b0d8106f3,Mesa Pasture,03-05-02-00236-005-K01,,87a99307-dc9b-4618-867e-0f7f8455905e,5068
347,x10/17/2020,31.51090631,-110.4789892,e5f10515-aab6-4c6b-bd9f-99744f4ad62b,Mattthews Pasture,03-05-03-00327-005-C01,,ae2b9ff2-4f5b-4899-b551-936c5667b150,5265
348,x9/21/2020,31.75391857,-109.4026355,cfba12b5-fd5b-448e-99eb-99b0e5c896bd,Private Riparian Pasture,03-05-01-00115-153-C03,From Site Notes,88c9822b-673d-4150-bbd5-ad28cb24999c,5373
349,x9/21/2020,31.6362653,-109.3863992,7f91d11d-b6e0-494b-a794-9aa9a2838778,High Lonesome Pasture,03-05-01-00125-251-C01,From Shapefile,bd6c3939-f0c9-4502-ad82-9b774f3ca4b6,
350,x10/17/2020,32.08325847,-110.4576378,143b0ace-6818-4e60-9bf9-9ad4272ad8dc,Ash Creek Riparian Pasture,03-05-05-00520-006-C04,From Shapefile,8ca7bbd2-ba70-486a-afc1-5cb66a721bf1,
351,x9/15/2010,31.75011784,-109.3591021,9f7ef1c1-039f-4c80-b207-9c7ab2beafa4,Lower Cottonwood Pasture,03-05-01-00114-149-C03,T1,9b91b812-311c-46e0-98f7-b8790de7c2f2,5700
352,x12/22/2009,31.73964699,-109.3432216,9f7ef1c1-039f-4c80-b207-9c7ab2beafa4,Lower Cottonwood Pasture,03-05-01-00114-149-C05,Start T1,accc0297-3ea4-460b-9cb5-cdc313eabfe0,5853
353,x11/20/2012,32.95412023,-110.2687224,0b95426f-d579-4441-87cd-9d190fa2d92f,South Pasture,03-05-04-00403-03A-K01,,177b37ab-7712-4b95-b919-46b0b5b8df55,
354,x10/16/2020,32.97465342,-110.2896244,0b95426f-d579-4441-87cd-9d190fa2d92f,South Pasture,03-05-04-00403-03A-K02,From Shapefile,f925b45c-c0ed-4c13-a59b-e1b419010e2d,
355,x10/14/2009,31.87548887,-109.9372966,612b589f-0b92-41d3-be71-9d6719f27c4f,Lower Middlemarch Pasture,03-05-01-00158-585-C03,T1 Start,2af5e1ca-720f-43c2-bbc6-3fb80da60740,5315
356,x10/15/2020,31.75141038,-110.6965457,2d8ebd55-4aab-4f74-a910-9deae6691674,Velsir Pasture,03-05-02-00236-001-P02,,5ee21e2a-111d-4d88-926b-d08074d6bc04,4954
357,x10/19/2009,31.86925044,-110.7175896,83ee77e0-9ff2-4b30-8979-9dff264c751f,DeBaud Pasture,03-05-02-00232-001-C02,,eeba20bc-b7e0-4049-8e45-e1ae3c3214e8,4678
358,x12/15/2009,31.88112323,-110.7017463,83ee77e0-9ff2-4b30-8979-9dff264c751f,DeBaud Pasture,03-05-02-00232-001-C03,,7a3177b8-7572-4746-90c4-3a0bafce8c15,4551
359,x11/17/2010,32.49254063,-109.7261339,d0998de7-e125-4128-bdc9-9e6cb8412ae0,Ten Pasture,03-05-04-00422-22A-K01,,0e9c3a7f-db88-481a-9f92-9f8566172332,
360,x11/17/2010,32.47003546,-109.7459125,d0998de7-e125-4128-bdc9-9e6cb8412ae0,Ten Pasture,03-05-04-00422-22A-K02,,180423a9-7cc0-40f7-87fd-7c37c862e48e,
361,x9/4/2013,31.44314975,-110.5560615,03469f60-bb03-4223-92d6-9e88786507a4,Apache Pasture,03-05-03-00301-001-C01,,b7f38bdb-fd66-406a-bd19-389b86112a44,
362,x10/17/2020,32.16966451,-110.455196,96cc8c07-16a1-46f7-aea1-9edffbae8890,South Pasture,03-05-05-00519-002-C01,From Shapefile,0d42fe07-72cd-4636-8f88-8936081ab47f,
363,x12/14/2009,31.384433,-111.0827926,9a5f77ce-b7cf-4dd7-9cd3-9f498c37eff1,61 House Pasture,03-05-02-00215-008-C02,,b39f915c-faa8-4f59-a7bf-9843fe70ef1b,
364,x10/6/2009,31.52328649,-110.5585478,16c56652-b055-4d2d-8b8b-a003cb6e9e20,Canelo Pasture,03-05-03-00332-003-C01,,b93b057c-35fb-4197-b78d-ec837478662f,
365,x9/23/2020,31.50856524,-111.1078292,2e743e15-9cd3-4c53-90ff-a007ebbd03a8,Upper Camp Loco Pasture,03-05-02-00212-014-C07,From Site Notes,d0f0fdae-cada-49a6-b83d-36e071884386,3913
366,x10/14/2010,31.75106604,-110.7592118,8a08267a-c6ce-473b-9f4d-a20897be2eec,West Pasture,03-05-02-00253-006-P03,,e3104a1c-3488-463d-bbc1-935cdd7fcfcd,5430
367,x9/21/2020,31.39524419,-108.9552025,31a6f44b-0b57-4781-9342-a2430627220f,Cresent Pasture,03-05-01-00136-008-C03,From Shapefile,396c80d5-b2ac-4acf-8ad3-748c19880c2b,5395
368,x9/21/2020,31.38543098,-108.9677171,31a6f44b-0b57-4781-9342-a2430627220f,Cresent Pasture,03-05-01-00136-008-C04,From Shapefile,e3221b9b-4ab5-42f0-9928-f5e69f3a88af,5278
369,x10/16/2020,32.67555825,-110.2541064,f0613f7a-8f63-4f9d-85af-a2d36850c701,Upper State Pasture ?????,03-05-04-00429-???-K01 ????? (Upper State),From Shapefile,d37679f6-ea2e-4f8e-a730-80f289cd2edb,
370,x9/22/2020,31.95700104,-109.3157899,b224d691-6b87-493b-bfd8-a2e459377768,Upper Pinery Pasture,03-05-01-00104-403-C01,From Shapefile,8e4dcecb-d5c1-4452-839e-8ad4851c902b,
371,x9/22/2020,31.82045494,-109.884159,9ce02c54-ef66-4b98-a097-a35d5d6d8eae,Holding Trap Pasture,03-05-01-00161-613-C01,From Shapefile,c276b072-d9b2-4a90-9951-fb4c4cc5b60d,
372,x10/17/2020,31.48874661,-110.6790028,a05b7df9-4791-4dad-bb63-a39ebf1eb855,Bergier Pasture,03-05-03-00319-004-C05,From Shapefile,d3d507a1-cafd-4b98-a1e4-f7edaf2e778c,4745
373,x9/22/2020,42.91522419,-87.94085324,ee44fb65-0ee8-4fc6-a612-a56ddca3d1e1,MKE Parks,2016 plot 1,,54daf2b4-4490-4a5a-bcc0-9f48f2202954,
374,x9/22/2020,42.91489417,-87.94046842,ee44fb65-0ee8-4fc6-a612-a56ddca3d1e1,MKE Parks,2016 plot 2,,55358a68-2265-4312-9767-d23a2c7a2c15,
375,x9/22/2020,42.91505025,-87.94010324,ee44fb65-0ee8-4fc6-a612-a56ddca3d1e1,MKE Parks,2016 plot 3,,da31ec0c-3eda-450e-8187-2bbba1635285,
376,x9/22/2020,42.91231308,-87.94115199,ee44fb65-0ee8-4fc6-a612-a56ddca3d1e1,MKE Parks,control plot 1,,4bafd4d4-1305-4179-8afa-467956aa08e7,
377,x9/22/2020,42.91103914,-87.94056906,ee44fb65-0ee8-4fc6-a612-a56ddca3d1e1,MKE Parks,control plot 2,,ecabb41f-3020-4acd-adac-165a30489c4d,
378,x9/22/2020,42.91222289,-87.94007251,ee44fb65-0ee8-4fc6-a612-a56ddca3d1e1,MKE Parks,control plot 3,,0a51fb61-defd-40f1-b8b1-50d6972da125,
379,x9/21/2020,31.56662537,-109.3552865,460374e7-702c-42c5-8056-a66e930413f2,Indian Creek Pasture,03-05-01-00125-253-C04,From Shapefile,bad0ace3-be0a-4ade-a1d6-196935fb76b5,
380,x10/16/2020,32.72667872,-109.8236556,621c9f76-0854-4c32-ab83-a6a64410beb1,Upper Deadman Pasture,03-05-04-00415-15B-K01,From Shapefile,9d73b6e5-df6d-4dfd-bf51-83a7e8600815,
381,x10/4/2011,31.46062667,-111.2686722,6106aa30-a857-489d-a9dc-a6c9bc93e09c,Australitz Pasture,03-05-02-00206-001-C03,,8d70d820-6468-418f-8bd6-d019f1e543ca,4439
382,x9/16/2010,31.36717007,-111.0235861,b12ed0f9-9459-4e50-995b-a6daa697b73a,Alamo Pasture,03-05-02-00219-003-C01A,,d4842acb-0ff0-46b0-941f-ea5646a43f75,4178
383,x9/15/2010,31.35940326,-111.0103463,b12ed0f9-9459-4e50-995b-a6daa697b73a,Alamo Pasture,03-05-02-00219-003-C04,T2,510b3e77-a8d2-4cab-9d2d-1bc166bacd87,4082
384,x9/16/2010,31.35835424,-111.0268224,b12ed0f9-9459-4e50-995b-a6daa697b73a,Alamo Pasture,03-05-02-00219-003-C08,,98ccca88-7b21-4560-bb53-bd9dcb402082,4371
385,x9/19/2020,31.645784,-109.0218233,5b062787-bf3b-490b-8438-a6f30be9fb42,Rainbow Pasture,03-05-01-00129-296-C01,From Shapefile,6ef651a4-9af0-4946-8caf-69f45618dad6,
386,x1/6/2011,32.53429809,-110.2350541,d9151b59-655e-4c1a-97ac-a735009442d4,Ramon Pasture,03-05-04-00434-34G-K01,,18c90541-06ff-4e11-af0d-8f0dddfdd76c,
387,x10/29/2014,31.37235778,-110.8000172,1d92d64e-5d0d-4a4a-b0b0-a7d849f2ad66,Holding Pasture,03-05-03-00353-004-C04,,f080f3c5-0a08-443a-bdfc-ac2aef848256,
388,x10/24/2014,31.47897841,-110.8062339,5fe28bea-84c1-4478-9dde-a8764b8e4565,Lower 3R Pasture,03-05-03-00324-005-C07,,c4ce8805-6844-423f-b495-ddbe16f5579f,
389,x11/9/2011,32.46349819,-110.2195435,0647e1f6-02f0-4517-be37-a8a0503c6e03,Bass Canyon Pasture,03-05-04-00438-38A-K01B,,68c1fe7f-e598-49f5-b1d6-31f65f8756c9,5140
390,x11/9/2011,32.45340195,-110.2163218,0647e1f6-02f0-4517-be37-a8a0503c6e03,Bass Canyon Pasture,03-05-04-00438-38A-K02B,,0d1f5c41-cb84-4a6e-98e8-5849a483cddf,5581
391,x10/17/2020,32.44093451,-110.6754919,b829498c-279f-4a1e-9dde-a96789884bc9,Edgar Canyon Pasture,03-05-05-00505-002-C04,From Shapefile,0f51dc84-2375-4079-bd08-8a11085bba01,
392,x10/17/2020,32.44709664,-110.6149027,b829498c-279f-4a1e-9dde-a96789884bc9,Edgar Canyon Pasture,03-05-05-00505-002-C05,From Shapefile,906c7f4d-7380-4509-822b-90e6b646d211,
393,x11/17/2014,31.37400235,-110.4493339,60568f68-b714-40d7-b428-a9ff4627ee9a,Sundown Pasture,03-05-03-00307-003-C03,,5819f66d-3ec7-4069-8bfe-2eb3f77a9a41,5350
394,x9/21/2012,31.35917743,-110.4928866,89246e0d-ec61-4bcf-b650-aa15aee3ee91,Parker Pasture,03-05-03-00326-001-C04,,dc83ce9b-0afa-410f-ac62-8205d271b571,
395,x9/15/2010,31.76550921,-109.3315163,0f7a13c6-dbd5-4356-bd55-aa15ec096d1e,Brushy Pasture,03-05-01-00114-144-C01,T1,12e54693-966b-4c82-8d13-7b7765ce1f57,5648
396,x9/22/2020,31.99250608,-109.2670366,cc0be8c1-11cd-4676-8999-aa3429059e10,Hilltop Pasture,03-05-01-00149-495-C04,From Shapefile,4542419d-6fa1-40e0-afa1-5cdf44b7126f,
397,x12/7/2010,32.58545656,-110.772361,686f0f46-1eec-4a3d-a88f-aa57d518d2ae,Dodge Pasture,03-05-05-00503-003-C06,,a623dac2-2a37-4930-988c-0a588cd7ae87,5100
398,x10/16/2020,32.80864846,-110.0423609,ea0668c5-6e0e-4af6-8324-aa6bbed14998,Lower Tripp Pasture,03-05-04-00411-11D-K01,From Shapefile,35564e16-662d-4848-9cd5-f1b83a476279,
399,x9/20/2012,32.63568526,-109.9316968,1139c744-2fe5-4a62-80ab-aacc175678d4,Lower Pasture,03-05-04-00413-13B-K02,,4cdcee0e-8d41-4ab7-9e36-e9ec6f746866,5189
400,x9/22/2020,31.73439299,-109.238677,1aa681f0-152b-4d16-a1b0-ab05385739f1,Lower Brushy Pasture,03-05-01-00117-178-C03,From Shapefile,7e24f15f-2c6d-4d74-9271-fd8f2d9337b8,
401,x10/17/2020,32.5304919,-110.7070739,bec31a56-722f-47db-9c3e-ab0cba7de639,Peppersauce Pasture,03-05-05-00508-002-C03,From Shapefile,7561f375-815f-4e41-acbd-1a3277423308,
402,x10/17/2020,32.56889291,-110.7183481,bec31a56-722f-47db-9c3e-ab0cba7de639,Peppersauce Pasture,03-05-05-00508-002-C04,From Site Notes,26cd271b-5b07-4c80-88e3-e4835af2b608,
403,x10/17/2020,32.52080045,-110.7020051,bec31a56-722f-47db-9c3e-ab0cba7de639,Peppersauce Pasture,03-05-05-00508-002-C06,From Shapefile,800bb6f5-c7f2-4805-b2ea-e7e5212318ca,
404,x10/17/2020,31.53255231,-110.4727385,26302b33-d7c8-459b-a149-ac4131b721ea,Farosa Pasture,03-05-03-00328-007-C02,From Shapefile,7717888b-daf1-40f5-83f1-3d822759d926,
405,x10/17/2020,32.31154128,-110.6168689,6577ade4-0a03-47a7-98f7-ac7d46f2e626,Race Track Pasture,03-05-05-00502-005-C05,From Shapefile,ad61f7ca-abf2-469e-a198-ff3ada6c3bdb,
406,x10/13/2010,31.52717461,-110.7391217,baf658ee-8941-4128-b9a4-ac92ddc12784,North Red Mountain Pasture,03-05-03-00325-002-C01,,63c389ae-8e7a-4c25-8fa0-5734f930700c,4350
407,x9/30/2011,31.57799324,-110.5812966,f1485ea0-2f1c-4be9-b7c7-addc6ef03712,Mack Wood Pasture,03-05-03-00334-011-C05,,7a4d7e3f-f2c8-48c8-9bd7-ca884a9ebada,5136
408,x1/11/2011,32.47624051,-110.208781,8e16ee22-df7b-4154-8c77-ae54acc46c3c,Pasture 2,03-05-04-00437-37B-K02,,e5cb432f-5130-41b1-8019-2a1b45ab41ad,
409,x9/23/2009,31.89606674,-110.4029557,a426c51c-f34e-4386-b427-ae9d03cc907d,Lower Trask Pasture,03-05-03-00306-002-C01,,efbe0bff-b1b6-4e88-8c6f-714cb1277a3c,
410,x9/23/2009,31.91146636,-110.4086417,a426c51c-f34e-4386-b427-ae9d03cc907d,Lower Trask Pasture,03-05-03-00306-002-C04,,37a0bfd6-a547-49a9-b855-f7ffaaaa448c,
411,x10/29/2014,31.36559086,-110.7833965,9c5151fc-05a1-4ebd-af2a-af111acc4b59,Mesquital Pasture,03-05-03-00353-005-C05,,d16ee49e-9927-4ba7-88e2-f059706c525e,
412,x10/21/2009,31.79331315,-110.7574227,6466bcb6-f16b-4cac-9d8a-b129077d7845,Deering Spring South Pasture,03-05-02-00238-002-P03,,e07d5179-d127-471a-aab0-c2731c370a07,5296
413,x9/19/2020,31.98327005,-109.9695765,8499bcb9-7c54-4bdf-9ec7-b14e08e4592a,Middle Pasture,03-05-01-00156-561-C02,From Shapefile,4298ede2-bf8b-43d8-bdb5-5d6a7e96ad7d,
414,x9/19/2020,31.39216544,-109.0275405,0055cb31-45c2-402b-848b-b163e93147ae,Chulla Pasture,03-05-01-00143-435-C03,From Shapefile,b531e032-77e9-4e13-88e9-435e98a0944f,
415,x10/17/2020,31.45455753,-110.8207878,d43b5f1f-229b-41ee-9d3d-b1c8ecfd0001,Lower Mowry Pasture,03-05-03-00342-007-C02,From Site Notes,e585a329-f3c9-4850-901f-a55cbffa4b3d,
416,x10/15/2020,31.78469727,-110.7221986,6fad9472-7e90-4de2-aeef-b1f57c092434,Home Pasture,03-05-02-00236-011-P01,,13aa6ddc-147c-4764-95e1-94cfa1242a1a,5046
417,x9/19/2020,31.99574737,-109.9697016,1317dec7-e553-4280-b6c5-b1fb4ce24366,North Pasture,03-05-01-00156-562-C04,From Shapefile,b2cd60ab-3ab9-4e12-892b-1ac378ac6fc8,
418,x10/16/2020,32.74125847,-110.3298853,55b5936f-a803-4fb6-b17a-b2958035c6a1,Lower Bottle Canyon Pasture,03-05-04-00427-27B-K01,From Sahpefile,43a6c5fd-9d42-4a61-804f-02770581290e,
419,x9/19/2020,31.88528162,-109.429942,5ff3a1fb-860c-48c9-b11b-b2ce73a3e769,Rock Creek Pasture,03-05-01-00103-303-C01,From Shapefile,a15a22bb-8314-47c7-81d5-38a36c7a6a58,
420,x9/19/2020,31.89743186,-109.4277268,5ff3a1fb-860c-48c9-b11b-b2ce73a3e769,Rock Creek Pasture,03-05-01-00103-303-C02,From Shapefile,6d886cbf-87ed-415b-90a9-033cb2effc39,5150
421,x1/11/2011,32.4845548,-110.204036,668306e6-bbe6-43fc-a46e-b36c76aec77e,Pasture 1,03-05-04-00437-37A-K01,,4e68576a-4ab4-4c28-a38e-526a6ad57870,
422,x9/23/2009,31.48682683,-110.5690899,6fb47b16-62b7-489e-a858-b38b0d7a06d7,East Pasture,03-05-03-00347-007-C02,start,82dffaeb-6402-4a15-a428-7eda9aa99364,5110
423,x9/21/2020,31.44846277,-109.0259406,c4116e81-1299-47bf-8656-b3fa311e3d33,Stewart Pasture,03-05-01-00136-006-C03,From Shapefile,4f2b8f9d-c6fe-4e3d-97d1-76b3c4682607,
424,x9/30/2009,31.52349307,-110.7136319,828f11ce-fdf1-492b-8807-b4c13defb542,South Lewis Pasture,03-05-03-00325-002-C01,,dea0cabe-814d-4fd7-8361-847a51379d4e,
425,x10/17/2011,32.56585543,-109.7937182,d166b247-b7a0-43f4-a9f6-b4f3c407a42c,North Pasture,03-05-04-00418-18F-K01,,18b641ba-18dc-423e-84e2-dd1a44206c8c,
426,x9/22/2020,31.92294701,-109.3730043,e69ded15-5aca-4b0c-b245-b67cf8aafa82,Fife Pasture,03-05-01-00105-503-C03,From Shapefile,09b7c26e-aac1-4125-a0d1-f4304d0da07c,
427,x9/20/2012,32.65628492,-109.919808,91c16ae3-5f49-484e-9802-b761fd5728dc,Upper Pasture,03-05-04-00413-13A-K03,,511f5763-7ab8-4ab9-b495-ce794612a511,6082
428,x10/5/2011,32.58971823,-109.8421338,ad2d4d2e-23c9-4d64-bf93-b804c59b20c9,Shake Pasture,03-05-04-00418-18C-K01,,c8b200c4-11eb-4158-8d20-70f304fa22ab,
429,x9/18/2020,31.87738837,-109.2114371,691d5f71-68f3-4a6b-97a3-b8964968c9d3,Basin Pasture,03-05-01-00107-703-C05,From Shapefile,a9a45ab1-d94a-45fc-b0df-b8bb9d2866c1,
430,x9/19/2020,31.8581366,-109.9641109,f9256231-dc9a-4bc0-b2d5-b8eb768e7581,East Pasture,03-05-01-00155-556-C01,From Shapefile,ca597f23-b5a3-4b67-ba22-d5c14bd44ff5,
431,x10/17/2020,32.32482017,-110.6608517,2eab9ac1-aa53-4c4c-8e19-b91b060d95ca,West Spring Pasture,03-05-05-00502-004-C06,From Shapefile,929e4639-92ed-49af-8dcc-6ef8271c40fb,
432,x11/10/2010,32.02107817,-109.988679,cf1b6e80-d3ee-405f-a15f-ba37bd8da848,Far East Pasture,03-05-01-00152-524-C01,,5d876089-0d84-473e-8588-8ab0e7cb8f6e,4785
433,x9/22/2020,31.82936294,-109.1229836,ac4726a2-a506-4552-8aad-baa5d5b077ef,Sulphur Draw Pasture,03-05-01-00163-110-C01,From Site Notes,8cb16540-947b-4f9e-98c2-f9e51c451820,4835
434,x9/22/2020,31.84235767,-109.1233967,ac4726a2-a506-4552-8aad-baa5d5b077ef,Sulphur Draw Pasture,03-05-01-00163-110-C02,T1,f68ec0be-9a85-4bed-9127-c8b9bded8251,4721
435,x9/22/2020,31.83797088,-109.1262432,ac4726a2-a506-4552-8aad-baa5d5b077ef,Sulphur Draw Pasture,03-05-01-00163-110-C03,T1,e3bedad5-1c5d-4a3a-b3f2-944944a807ef,4724
436,x10/17/2020,31.40957211,-110.6474074,908b9dc3-ab1b-4a1c-bd66-bad13c01c1ad,Seven Pasture,03-05-03-00345-008-C05,From Shapefile,0a108aaf-4273-4aa0-80b5-a36e07626df8,
437,x11/21/2016,31.60742297,-109.0335435,45272cb2-6a5e-4b55-b640-baeeca0cc7e6,Lower Deer Creek Pasture,03-05-01-00129-292-C03,From Shapefile,28dd0f7b-91d9-4232-a137-d935892fc277,5095
438,x9/23/2010,32.79408692,-109.9486451,562bf384-99d0-42a8-94c0-baef645bc908,Nuttall Pasture,03-05-04-00411-11B-K01,,395ee662-43db-44b2-80b8-35f2399ec83b,
439,x10/16/2020,32.66565988,-110.3203082,a709576f-12ab-4fed-b36e-bb0e459d73b1,Upper Sycamore Pasture,03-05-04-00429-29D-K01,From Shapefile,6743bb80-9f6a-4dc4-af48-e622ff8d5632,
440,x9/19/2020,31.71445734,-109.1776619,3c6caecd-325f-4326-953d-bb3060b0d7e3,Lower Jackwood Pasture,03-05-01-00119-192-C02,From Shapefile,6dd12ac9-b5b9-40b4-b292-1bf9fe37779f,
441,x9/19/2020,31.70735196,-109.1797318,3c6caecd-325f-4326-953d-bb3060b0d7e3,Lower Jackwood Pasture,03-05-01-00119-192-C03,From Shapefile,b0392a61-bfde-4de9-b16c-646a85b858e5,
442,x9/21/2020,31.92768972,-109.2240651,93013fa1-ad13-4f45-886d-bb6cd93ab261,Paradise Pasture,03-05-01-00102-203-C04,T1,8804f650-4044-4b3a-bdaf-fe64513fcc9c,5685
443,x9/22/2020,31.78327405,-109.4151097,d9187d14-613b-4770-b520-bccab662314b,Headquarters Pasture,03-05-01-00114-150-C01,From Shapefile,ff14d8af-426a-48d5-b2b8-4406a90dab7a,
444,x11/21/2011,32.31556052,-110.0565082,a82245ba-968c-46c0-960b-bd9660f7dfe3,Rocky Pasture,03-05-04-00449-49A-K01,,6a177a2b-7f79-4c12-9fd7-a7b3e3086d97,
445,x1/11/2011,32.49639738,-110.2109357,de56f8f8-d618-45bd-8c6f-bddd1562d1b6,South Ash Pasture,03-05-04-00436-36A-K01,,a8e04ae9-41fd-4c25-b912-9ca0b9274c19,
446,x10/17/2020,31.43011332,-110.7150525,63d12f81-c291-4874-a8b4-bdfa1d9bb12e,Harristeen Pasture,03-05-03-00342-009-C06,From Shapefile,ad96ad58-9aeb-4805-b5e5-4dc1cc1594bc,
447,x10/17/2020,31.36435906,-110.6673866,03f11761-e173-4825-8b06-be07f5d86023,Duquesne Pasture,03-05-03-00342-002-C03,From Site Notes,6f67bb20-66a0-4e30-9a7b-9772d712d4a1,
448,x10/15/2020,31.48407954,-111.2797414,fdd5f342-b778-408f-a7c4-be466f8a4698,Cemetary Pasture,03-05-02-00206-002-C01,From Shapefile,ae7207ee-c0ff-4466-9e03-92eee709ef74,
449,x9/19/2020,31.92979934,-109.4170114,3839f80c-70e7-4a9d-9638-bee9160fa6ce,Witch Creek Pasture,03-05-01-00103-302-C03,From Shapefile,e2816edb-8116-4a33-8b9c-b403758ddf9e,
450,x10/17/2020,31.39384711,-110.3644419,119fd5df-44fd-419b-92e3-bfb38b0fafac,Wakefield Pasture,03-05-03-00326-028-C04,From Shapefile,30c181b9-54fd-47c6-9f3d-62597a1d87f2,
451,x10/16/2020,32.54487912,-110.2174238,d310cfa4-319c-47b2-88b3-bfd25a9019ad,Buckskin Pasture,03-05-04-00434-34B-K01,,3316cdb7-33bd-478f-91c2-3f9c46a6789d,
452,x8/28/2013,31.38544936,-110.3871209,d8be98af-8622-4c9d-ad01-c12e4174ea8a,Lone Mountain Pasture,03-05-03-00326-027-C04,,bbe69293-5877-4000-8ab6-1e43de1fa990,
453,x10/16/2020,32.75682802,-109.8376809,59c7573c-99d2-4084-b2b7-c224195300b8,Hawk Hollow Pasture,03-05-04-00414-001-K01,From Shapefile,c67d69c3-79c6-41c9-8ddd-713c7ac2a134,
454,x9/28/2011,31.48026045,-111.4461455,82d3199a-b958-4925-8335-c34a0eda0a37,Cumero Pasture,03-05-02-00203-001-C01A,C1A,9fca48bf-2471-4bb5-a12a-a8f1d7d83c21,3810
455,x9/28/2011,31.46669731,-111.449418,82d3199a-b958-4925-8335-c34a0eda0a37,Cumero Pasture,03-05-02-00203-001-C02A,C2A,f745f92e-1b1f-4439-a539-a6b51757e327,3780
456,x10/17/2020,32.53827977,-110.8315005,ab09e9f3-176f-40e3-9c4a-c363558e2af9,Rancheria Pasture,03-05-05-00513-001-C01,From shapefile,08fefe04-3971-433a-a598-4e37c7d56dd4,
457,x10/17/2020,32.54574679,-110.8365243,ab09e9f3-176f-40e3-9c4a-c363558e2af9,Rancheria Pasture,03-05-05-00513-001-C02,From Shapefile,a3b0ae1f-7b2d-4147-931a-3eb2a15e54d9,
458,x2/28/2006,31.51316866,-111.4100414,cea19516-21c4-445d-8293-c36fb8d590dc,La Mina Pasture,03-05-02-00202-002-C05A,C5A,8988103e-f4df-4a4c-8885-968b44fc035d,4220
459,x9/24/2009,31.33971202,-110.686448,98e30ee1-2d69-4711-9dbf-c4abe5fbb17e,West Pasture,03-05-03-00346-001-C02,,ca67043d-0bce-468a-b461-9546a30241c8,5270
460,x10/31/2011,32.76742941,-110.1228536,b3343cd8-4b49-400f-9486-c520c0421441,Cedar Springs Pasture,03-05-04-00409-09A-K02,,8ee7dea8-4b96-4155-aa02-85176b0a279f,5053
461,x1/6/2011,32.530756,-110.2179509,0594f202-fa69-4409-b281-c58980b176db,Little Bull Tank Pasture,03-05-04-00434-34D-K01,,61a75ae8-982d-4c60-896f-2d9b61ed6d8a,
462,x9/19/2020,31.68640119,-109.3700036,8afa16b3-0ad3-4d9d-b11f-c5daa91706f3,Bruno Pasture,03-05-01-00123-236-C01,From Site Notes,2a628d8c-5f02-455e-a112-735b204216db,6013
463,x10/16/2020,32.39135803,-110.1457409,79305492-479a-4600-af4d-c651f29d7538,Rockhouse Pasture,03-05-04-00445-45A-K01,From Shapefile,a19eb388-ec25-414a-9add-129f760f2345,
464,x10/16/2020,32.40674758,-110.1364829,79305492-479a-4600-af4d-c651f29d7538,Rockhouse Pasture,03-05-04-00445-45A-K02,From Shapefile,0a42e8c6-7b09-4d7f-8bf0-22f4ac0cfa20,
465,x10/16/2020,32.99279394,-110.3026124,5fdeb511-fe25-4828-98c6-c6bb5fac56ad,North Pasture,03-05-04-00403-03B-K01,From Shapefile,d0ddb3d6-7d4c-405d-838e-335ff6717b39,
466,x10/11/2011,31.8293745,-110.3927548,ea9d96f2-32d1-4983-90e1-c6c356a27475,Glenn Pasture,03-05-03-00306-007-C02,,22942b1a-c7b9-4e71-a8f0-f4bc04e12555,
467,x10/17/2020,31.49724698,-110.4659765,2182696a-9a7b-43cd-9227-c6cb288f6336,Korn Pasture,03-05-03-00327-004-C01,From Shapefile,7a09ef27-a121-46db-b3e8-48aa868b8e80,
468,x9/19/2020,31.4995613,-109.051807,99bf486b-c849-48f8-95be-c7141f6cc668,Cottonwood Pasture,03-05-01-00138-382-C01,From Shapefile,8d4aec64-047a-4c5b-ad47-5f882c725bcc,5308
469,x10/19/2009,31.83183319,-110.6966422,abfb6e44-2f6c-4f1e-82ee-c762c15aafc4,East Highway Pasture,03-05-02-00234-003-C04,,fa62b981-5648-443a-99db-0c37d8e23fb7,4647
470,x9/22/2020,32.0346055,-109.3026062,90fad8b0-1c6c-4bd2-8662-c82039b13f17,Indian Creek Pasture,03-05-01-00149-494-C01,From Shapefile,d02b9c1f-2358-4a9c-a9b3-f8321bac8ccd,
471,x9/22/2020,32.07344365,-109.3634688,eba3518c-09f4-46a6-8423-c8a5edbbe620,Buckhorn Pasture,03-05-01-00148-484-C02,From Shapefile,a8d0e9d0-5ca3-4b7c-8f7e-64fde6403af2,
472,x10/15/2020,31.80229805,-110.7055811,8b9760ab-0842-49fa-8b72-c9aca320bfe2,Buck Pasture,03-05-02-00236-016-C04,,15473593-2c36-4740-b108-1108fa2e6689,5132
473,x11/24/2009,31.40716639,-111.1006122,ea3159d5-628d-40cd-92c6-ca13fc958599,Bellota East Pasture,03-05-02-00215-005-C04,,8876ab61-9e28-4245-b0ac-fa540761dfd2,
474,x11/29/2012,32.86282342,-110.3012907,2674244f-fc29-427a-9dab-cbe487745bf2,Laurel Canyon Pasture,03-05-04-00401-01A-K02,,c4b756e9-3de7-4eaf-a846-4ea7ddb1c2cd,4536
475,x11/29/2012,32.87101824,-110.2766739,2674244f-fc29-427a-9dab-cbe487745bf2,Laurel Canyon Pasture,03-05-04-00401-01A-K03,,4d99f648-83af-4806-9801-303423b9ed8d,4938
476,x7/14/2007,31.92852275,-110.0294567,a9f1b1b9-6a52-4976-84d3-ccaf2caa956a,Stronghold Pasture,03-05-01-00154-541-C03,From Shapefile,874d13fe-e59c-4b73-979c-40b91c043ad2,
477,x9/22/2020,31.93222597,-110.0020934,a9f1b1b9-6a52-4976-84d3-ccaf2caa956a,Stronghold Pasture,03-05-01-00154-541-C04,From Shapefile,c02f1527-93a0-4db6-9d32-a3cabab26ae3,
478,x11/9/2010,31.8865077,-109.3866703,fcbfff76-edd9-44a7-bc4d-cd1d8a0c2c14,Upper Rock Pasture,03-05-01-00105-503-C01,,e2837e5b-aa92-40ba-896f-6a1c2c6077ab,5500
479,x9/22/2020,31.89827,-109.3633727,fcbfff76-edd9-44a7-bc4d-cd1d8a0c2c14,Upper Rock Pasture,03-05-01-00105-503-C02,From Shapefile,2bdd0c76-9e6f-4313-89bc-6523916f0e5f,
480,x10/17/2020,32.15964324,-110.3884005,4eba284a-393d-4309-b2e4-ce4c0c631427,Redrock Pasture ?????,03-05-05-00518-???-T01 ?????,From shapefile,bccf3b76-2ee3-4a50-991d-71bc921a083f,
481,x10/18/2011,32.46062333,-109.8201473,de56ea2e-6b8b-4b15-a7a0-ced4bf3631f0,West Pasture,03-05-04-00420-20A-K03,,1b545659-8701-4db4-8846-eee271857e70,
482,x10/6/2011,31.60347337,-110.6441909,0d349238-2913-4764-9f39-cf5e2383c4f6,Papago Pasture,03-05-03-00334-005-C04,,e55741d5-b4e6-47f2-a57b-8489796719b1,
483,x9/22/2020,31.97650507,-109.2272418,c4b378cf-4707-4bc5-9188-cfbe7111ce28,Lower Jhus Pasture,03-05-01-00149-491-C02,From Shapefile,0a0377e4-1788-459f-908c-886d84a56c27,
484,x9/22/2020,31.96246801,-109.2232265,c4b378cf-4707-4bc5-9188-cfbe7111ce28,Lower Jhus Pasture,03-05-01-00149-491-C05,From Shapefile,6621cfb8-7046-4091-b232-8fcf8be8280c,
485,x10/27/2009,32.01310491,-110.0117527,b1d85239-aca0-4c68-8000-d01e7d8b1111,East Pasture,03-05-01-00152-522-C02,Start T1,b3a7dc55-9b9b-4874-87f8-f3f8601e284e,4917
486,x10/16/2020,32.70707284,-110.3439365,8bbc714d-e16c-4c8f-ade1-d0691b346d0d,Upper Bottle Canyon Pasture,03-05-04-00427-27A-K01,From Shapefile,addc4c6e-f25e-43f2-9396-9df97cc8c335,
487,x9/27/2011,31.53112498,-111.4094879,eee820fe-34d2-4982-bd80-d0e9f16d942c,Carona Pasture,03-05-02-00202-004-C02,,ade1573a-a5cf-4117-aa64-4a2ae2b8ed34,4125
488,x9/27/2011,31.54436233,-111.4004538,eee820fe-34d2-4982-bd80-d0e9f16d942c,Carona Pasture,03-05-02-00202-004-C04,,5a027eba-9637-4c6b-a530-28348bbdf3c1,
489,x11/26/2014,31.47761458,-110.5041768,e629d81e-eba4-4a8d-908c-d1ec5c872138,Mountain Pasture,03-05-03-00339-008-C01,,6386f716-2627-469d-891c-3f6ced86cba7,
490,x9/19/2020,31.44682103,-108.9779555,00dfd435-fdf4-4751-ae5f-d25fdb3db9df,Buckhorn Pasture,03-05-01-00137-377-C04,From Shapefile,d76f075d-20a7-4277-9c5f-f64347a048f4,
491,x9/19/2020,31.48806628,-108.9437961,00dfd435-fdf4-4751-ae5f-d25fdb3db9df,Buckhorn Pasture,03-05-01-00137-377-K01,From Shapefile,57d0a989-3c29-4cf2-b354-aa960e9977cd,
492,x9/19/2020,31.47955201,-108.9522654,00dfd435-fdf4-4751-ae5f-d25fdb3db9df,Buckhorn Pasture,03-05-01-00137-377-K02,From Shapefile,af76a7cc-64a9-4ac6-9811-00f2d777de63,
493,x10/17/2020,32.33427155,-110.6187495,b76d7479-f2b4-4a4b-bba8-d3484d77b706,Government Trap Pasture,03-05-05-00502-006-C07,From Shapefile,a83d0271-9f76-4bd8-955c-3b5f7dc1b0c9,
494,x9/22/2009,31.81304547,-110.3687515,40deadb2-1960-4f35-b27f-d3cd08ef332e,Mescal Pasture,03-05-03-00318-001-C01,,107ddbd4-bf29-4838-9269-f0c1e82105f5,4801
495,x10/17/2020,31.77729853,-110.3923877,40deadb2-1960-4f35-b27f-d3cd08ef332e,Mescal Pasture,03-05-03-00318-001-C02,From Shapefile,394e047c-eb53-4642-bf27-fd71881178fb,5158
496,x10/17/2020,31.74844472,-110.4112428,40deadb2-1960-4f35-b27f-d3cd08ef332e,Mescal Pasture,03-05-03-00318-001-C03,From shapefile,f7d432f6-3c15-4ec8-b5ca-3e47fc1446f2,
497,x10/17/2020,31.76313492,-110.4671375,40deadb2-1960-4f35-b27f-d3cd08ef332e,Mescal Pasture,03-05-03-00318-001-C04,From shapefile,ebeee8d2-d4f8-4d82-a7d8-ace4c686cc59,
498,x10/17/2020,31.75096478,-110.448181,40deadb2-1960-4f35-b27f-d3cd08ef332e,Mescal Pasture,03-05-03-00318-001-C05,From Shapefile,02267ffb-aa6e-4388-8cb6-7ec217326861,
499,x10/17/2020,31.81276035,-110.3993189,40deadb2-1960-4f35-b27f-d3cd08ef332e,Mescal Pasture,03-05-03-00318-001-C07,From Shapefile,1f449dad-5627-4b79-a6bd-65eb4d7f9521,
500,x11/18/2010,32.87480293,-110.1472167,e1ca24ed-bea8-4506-a9d5-d425312f50e8,Dark Canyon Pasture,03-05-04-00406-06C-K01,,0853f9e7-0cb8-4b51-a610-053f65fd3391,
501,x10/16/2020,32.74817385,-110.3948295,5336abb9-41f7-4530-ba9d-d4581adddbcc,Middle Pasture,03-05-04-00425-25B-K01,From Shapefile,b0d30e80-d4b4-47ba-af04-aa405a9437b7,
502,x10/17/2020,31.89521551,-110.444023,75bdbb67-5f47-4471-b921-d4fb693fabdf,Wildcat Pasture,03-05-03-00302-003-C02,From Shapefile,981d8db0-c381-4012-a184-079390efaea9,
503,x10/18/2020,31.44808034,-110.6540304,47da7173-429b-4f4d-b052-d52d14a0123a,Dunham Pasture,03-05-03-00338-001-C03,From Shapefile,4d6f5201-acee-4c38-9d0f-214e21e29cbf,
504,x9/19/2020,31.70123522,-109.1885239,34d2669b-9c2d-4951-8c66-d6c571e113e9,Old Farm Pasture,03-05-01-00119-194-C01,From Shapefile,3b62def2-6496-44c0-ba10-eb617b3b7350,
505,x1/2/2004,31.41908968,-110.421127,9e620103-e0ec-4ddb-b605-d6fb69e784a9,Peterson Pasture,03-05-03-00326-018-C01,,c600f6a1-3910-4cad-9520-f9c6073c14d1,
506,x10/17/2020,31.42731442,-110.7023083,76c668eb-43e6-463f-be43-d94fa02677f5,Upper Mowry Pasture,03-05-03-00342-010-C04,From Shapefile,bf9db19b-980b-48a5-8794-80dd8042d020,
507,x11/2/2010,31.91342617,-110.7115211,c2c05a13-2152-41cc-ba8b-d9bbd0da9ecc,Fagan Pasture,03-05-02-00231-002-C02A,,83ca8ddf-80b4-420e-af83-a95f0a2df32b,4452
508,x9/19/2020,31.74739193,-109.1771753,3268f53c-4f11-4612-80e2-da1abfc9d1a3,Upper Jackwood Pasture,03-05-01-00119-191-C05,From Shapefile,0b989941-aa51-4393-9df3-5286efd4fd54,
509,x10/16/2020,32.40968959,-110.0793183,10c39bc6-8b7d-4211-83e7-da922cdfdd2e,Riley Peak Pasture,03-05-04-00446-46A-K01,From Shapefile,d8edcf6d-3362-45d8-9d01-fc7cdd2a07c8,
510,x9/19/2020,31.7670219,-109.1798523,a49386d0-d6cd-4b82-8e80-db90f6d75524,Red Hill Pasture,03-05-01-00118-182-C03,From Shapefile,8e95e7e4-e416-4a4c-9cb2-8674440e7298,
511,x11/28/2012,31.76808591,-109.1766746,a49386d0-d6cd-4b82-8e80-db90f6d75524,Red Hill Pasture,03-05-01-00118-182-C04,From Shapefile,9094f85e-b9ee-4a1d-971f-ce068f818b8e,5000
512,x10/9/2018,31.73135649,-110.8951227,57f45b9a-a8d3-4293-aa5b-dbee6dfb4cd3,Madera Pasture,03-05-02-00243-002-C01A,,9a78f4bd-ccc7-446b-abb3-c09725f1cf7e,4575
513,x10/15/2020,31.74080364,-110.8962522,57f45b9a-a8d3-4293-aa5b-dbee6dfb4cd3,Madera Pasture,03-05-02-00243-002-C02A,,6d21f8b2-89f7-42e4-90bd-1b6de4a592b4,4207
514,x9/20/2010,31.33902936,-110.9841159,52794a5a-0f40-4298-8a2f-dc64ca56d20a,Triangle Pasture,03-05-02-00219-002-C02,,31325b72-d130-4633-8ed0-a4087b2c8105,
515,x9/27/2010,31.60826963,-110.7944859,37a7413b-d02f-4161-8493-dc6d15192aa7,Tempoal Pasture,03-05-02-00250-003-P02,,d14fb87d-5889-40e4-b4d6-c7e2285e74dd,
516,x8/28/2013,31.35057302,-110.3567115,2efd9155-4188-43ac-b622-dcc5e036abdf,Middle Pasture,03-05-03-00326-030-C01,,96c5eafc-e02d-49f7-b7fc-3d1627660095,
517,x10/17/2020,31.43206116,-110.6330652,be8e71b2-12fd-490b-a339-dd37aa290a67,Six Pasture,03-05-03-00345-007-P14,From Shapefile,a6ce4781-4bd7-42fa-b21f-f04de2d84c96,
518,x10/20/2009,31.81878467,-110.7586136,79435791-4adb-41b9-bf6d-ddd76b9225de,Rosemont South Pasture,03-05-02-00234-002-C02,,d763ac94-2b77-42a8-8ed6-a24039833231,
519,x10/19/2009,31.81421476,-110.7379589,79435791-4adb-41b9-bf6d-ddd76b9225de,Rosemont South Pasture,03-05-02-00234-005-C05,,7c69a513-dee0-4df3-affa-e4dd614972f2,5128
520,x9/22/2020,32.11639685,-109.2731354,1cd4180f-5995-44c9-b484-ddf0242188d1,Dunn 1 Pasture,03-05-01-00146-468-C03,From Shapefile,f478cb6b-1987-4f62-92ca-97e7af5a492f,
521,x10/1/2015,31.39342689,-111.0516346,b5f1bdda-9d02-41fd-b5be-de4f0c326f38,Caralampio Pasture,03-05-02-00218-003-C04,From Site Notes,138707ae-bd19-4c13-af0c-b1bbd94d0b71,
522,x9/22/2020,31.86265674,-109.1236935,f09a335c-034e-491b-af7f-dee7f61c45ca,Sanford Pasture,03-05-01-00163-109-C01,From Site Notes,c1daebf1-b973-47d5-82ce-010f21913df5,5124
523,x10/17/2020,32.63126927,-110.4182818,672d5c45-cca0-4dbd-ad36-df4511ed2e6e,YLE Pasture,03-05-04-00442-04A-K01,From Shapefile,db148010-ae3c-4e6d-af08-00c2a3f53ac5,
524,x10/17/2020,32.605405,-110.4159445,672d5c45-cca0-4dbd-ad36-df4511ed2e6e,YLE Pasture,03-05-04-00442-04A-K02,From Shapefile,953506ae-c3a4-4731-b0a6-ff4222dfb120,
525,x1/5/2011,32.50564902,-110.2046273,bec2ff02-2452-4818-9d91-e07209a59a75,Lower Pasture,03-05-04-00435-35A-K01,,d3a67fbd-d482-4484-af67-626e24202e73,
526,x10/5/2011,32.57474205,-109.850689,bc674411-e232-41bd-a9ab-e080a0cba4f9,CN Pasture,03-05-04-00418-18A-K01,,6df0743e-7897-409b-b309-48a868da80e0,
527,x9/22/2020,32.1313475,-109.3279001,0ac01120-8fc7-4cba-ada8-e0e3eeff8c27,Little Wood Pasture,03-05-01-00146-466-C04,From Site Notes,00f25df8-accd-48d7-b649-687a6b873e53,5606
528,x9/19/2020,32.01589808,-109.2560838,7f3595a8-8007-435b-99a4-e12ded2b0231,South Fork Pasture,03-05-01-00150-507-P01,From Shapefile,4daefcad-9fcd-416b-a2b9-15746e7209ef,
529,x9/19/2020,32.01459819,-109.2501164,7f3595a8-8007-435b-99a4-e12ded2b0231,South Fork Pasture,03-05-01-00150-507-P02,From Shapefile,3423e676-ba2d-49d5-a67f-de77d192f413,
530,x10/14/2010,31.76738107,-110.73355,75af9ef8-75c0-4f57-b6bb-e16ad890a2eb,Oak Tree Pasture,03-05-02-00253-004-P01,,41d7b73a-1b6f-49cf-8eea-a91ba5fc9c9b,5265
531,x10/20/2010,31.7588661,-110.7301637,75af9ef8-75c0-4f57-b6bb-e16ad890a2eb,Oak Tree Pasture,03-05-02-00253-004-P04,,aeb4861c-3736-420d-8025-69cad34e73ae,5060
532,x11/9/2010,32.44538441,-109.7469455,1370b64b-8a90-4c8b-ba01-e17fc165bb47,Redtail Pasture,03-05-04-00421-21A-K01,,9c38b741-9b3f-46ef-87dd-fe390cc8acd7,
533,x11/9/2010,32.44693263,-109.752977,1370b64b-8a90-4c8b-ba01-e17fc165bb47,Redtail Pasture,03-05-04-00421-21A-K02,From shapefile,60f50116-5cf1-40cc-b7c6-6d37233e51cd,
534,x9/21/2020,31.4846404,-109.0869779,65cf5846-884d-4aee-8d0b-e206a843587b,Outlaw Pasture,03-05-01-00135-001-C01,From Site Notes,6eac58c8-ae26-4a16-82af-990a899d4135,4835
535,x10/10/2012,31.90482487,-110.4200638,c21f99df-e167-4efd-b1a2-e34cd4a8c933,Twin Butte Pasture,03-05-03-00302-002-C01,,77a6a802-e24f-4b38-9091-48ccf5bff80d,
536,x10/16/2020,32.73960836,-109.8050115,c4ea8af8-3751-4348-b188-e390e4fbb38a,Lower Deadman Pasture,03-05-04-00415-15A-K01,From Shapefile,9ec10c3e-b3e7-4151-9307-39746b93c627,
537,x9/21/2011,32.58425922,-109.746988,a2288e12-f5b3-49b6-9a67-e5446eec3f5c,North Pasture,03-05-04-00417-17E-K01,,809aebf9-b1d7-432d-94a0-19ce9756e9fb,
538,x11/1/2010,31.88110575,-110.7478567,dc7b4979-0229-4329-b1b4-e5f5cbcdaaa2,Stone Springs Pasture,03-05-02-00231-001-C01,,1ee4db8c-4ef4-49c5-b2d2-5b5b437c59e8,4527
539,x11/1/2010,31.86577322,-110.7457313,dc7b4979-0229-4329-b1b4-e5f5cbcdaaa2,Stone Springs Pasture,03-05-02-00231-001-C02,,83b71f79-21c0-4963-88a9-bb6e3a4b5531,4823
540,x10/24/2014,31.49103476,-110.7850453,e28c808e-8624-4664-9fa7-e68f3babb005,Barrelas Pasture,03-05-03-00324-001-C08,,3f4c4198-b9a1-44b5-ba56-6a97c4e95d20,
541,x9/19/2020,31.95775112,-109.4320852,86ea0491-af04-4689-bcc8-e7613c62cf24,Fife Pasture,03-05-01-00103-301-C04,From Shapefile,256ba1af-0955-4fdc-aa4a-71e99c2889be,
542,x9/19/2020,31.98760054,-109.9763024,43f05f1e-4d1c-49c1-89b7-e7bdda65c861,Big Pasture,03-05-01-00156-563-C03,From Shapefile,233c57b6-c761-47d9-9b0b-9dd1ef57d0d3,
543,x10/15/2020,31.75737928,-110.7185001,2e11f812-1f21-48d5-b550-e87e8346fbee,Bear Grass Pasture,03-05-02-00236-002-P03,,4235ee48-c88d-4da9-a84f-7123a35be06b,5083
544,x10/17/2020,31.47350656,-110.7087417,30c960fa-8004-4a7a-a2ae-e991ae3c0c7b,Community Pasture,03-05-03-00315-002-C01,From Shapefile,cf1141c6-f181-414d-ad7f-ce6b912ac25a,
545,x10/17/2020,31.47376159,-110.7304376,c582ec6f-6ac9-43fe-b322-e9c128e95451,Flux Pasture,03-05-03-00319-001-C02,From shapefile,01de98b5-a220-4203-bc4c-7e01611f6abd,
546,x10/17/2020,31.48740479,-110.7267345,c582ec6f-6ac9-43fe-b322-e9c128e95451,Flux Pasture,03-05-03-00319-001-C04,From Shapefile,f346e70d-34ff-4236-a83a-455e8d792985,5075
547,x10/16/2020,32.54828719,-109.8617614,a718c4ba-7127-4209-b603-e9e265f6dc53,Martin Pasture,03-05-04-00419-19D-K01,From Shapefile,c57b513c-6535-4245-991c-f196deaf7a1f,
548,x10/7/2009,31.77612878,-110.4720057,c636006a-aafb-44e7-903f-ebb80d2872f3,Coal Mine Pasture,03-05-03-00316-002-C01,,3427d29d-a597-4fa4-9dd6-c71e0f87f9ed,
549,x10/27/2009,31.80383729,-110.4747005,c636006a-aafb-44e7-903f-ebb80d2872f3,Coal Mine Pasture,03-05-03-00316-002-C02,,16f1db92-a10d-49e0-91f0-81f9a1d1bfa6,
550,x10/17/2020,32.05044972,-110.513877,5aaa544f-a897-49cf-a3fc-ed14f4463e92,Lower Pasture,03-05-05-00523-002-P01,From Shapefile,58c4e34b-da0d-47be-9244-6d1baf9d8e0f,
551,x10/17/2020,32.05279935,-110.4918949,5aaa544f-a897-49cf-a3fc-ed14f4463e92,Lower Pasture,03-05-05-00523-002-P02,From Shapefile,a4ecf59d-956a-4a45-841a-4a2fc9829bd4,
552,x10/21/2010,31.35154669,-110.4071272,83f014c5-10fc-418d-b4e3-ed947128f427,South Pasture,03-05-03-00326-022-C03,,cfb4be86-cb1d-453f-898d-30b4b6c0dad4,5380
553,x9/4/2013,31.42766914,-110.5387415,bd440a5d-6f15-4992-be1a-eddead6fe014,Gertrudis Pasture,03-05-03-00301-004-C01,,235c18e9-6f58-44ee-b10a-a578633f8581,
554,x9/4/2013,31.42769554,-110.5286403,bd440a5d-6f15-4992-be1a-eddead6fe014,Gertrudis Pasture,03-05-03-00301-004-C02,,67b662ec-a5ea-4a8d-8afe-ed78bdbb14a5,
555,x10/17/2020,31.37061086,-110.3318005,f5cb9e32-b5a8-426b-8e11-ede153b11e97,Grubstake Pasture,03-05-03-00326-031-C01,,e7f88a8d-2939-48c6-944b-4e78804a5f44,
556,x10/7/2011,31.87663697,-110.368128,de7f5a17-5e17-4f97-a5a9-edfb3523879b,Canary Pasture,03-05-03-00303-005-C03,,bfd573d3-63f1-4c2c-b8e3-94ce6c20bc22,
557,x9/22/2020,31.42241583,-111.023863,24c3b68b-bace-4d52-bc9a-ee2f5eb841e7,Martan North Pasture,03-05-02-00216-002-C02,From Shapefile,bcf0929e-9dbb-4890-b0e4-187934b26e36,
558,x9/22/2020,31.41412673,-111.0467854,24c3b68b-bace-4d52-bc9a-ee2f5eb841e7,Martan North Pasture,03-05-02-00216-002-C03,From Shapefile,82df15ed-b2fe-4b15-a5ea-16ea4d006ec0,
559,x9/22/2020,31.42891111,-111.0287575,24c3b68b-bace-4d52-bc9a-ee2f5eb841e7,Martan North Pasture,03-05-02-00216-002-C04,From Shapefile,87862b8e-4cef-42cb-8a0f-8f905772718c,
560,x9/23/2020,31.48131444,-111.3855405,3e10d9d4-0846-46b6-96b2-ee9b068a8261,Bull Pasture,03-05-02-00203-006-K02,From Site Notes,6c663340-5804-499d-9896-96b83b475c54,3983
561,x8/28/2013,31.58548849,-110.5362163,671c52d1-6f08-475f-900c-efae6747e96a,Callaway Pasture,03-05-03-00336-001-C01,,4d595375-163f-4eb4-a718-de7ec90fae1a,
562,x9/19/2011,32.56259458,-109.7617114,39ac0cab-7b7b-4064-add8-f02b5f0b0620,Windmill Trap Pasture,03-05-04-00417-17A-K01,,764add30-f005-4529-a7a2-df5a6a9ae568,
563,x9/1/2009,31.43399173,-110.8184172,3df44326-0c92-454c-9eda-f0390a23f7a1,Jarillas Pasture,03-05-03-00324-004-C01,,110b6956-b914-40bf-8ed7-309e693de024,4230
564,x10/17/2020,31.44028087,-110.8186998,3df44326-0c92-454c-9eda-f0390a23f7a1,Jarillas Pasture,03-05-03-00324-004-C03,From Shapefile,726114b0-4fde-4700-ae5a-d41d94dc6b7a,
565,x10/17/2020,31.45456649,-110.8207457,3df44326-0c92-454c-9eda-f0390a23f7a1,Jarillas Pasture,03-05-03-00324-004-C05,From shapefile,68f17c76-0dcf-462f-a7d6-89ad080dec5f,
566,x4/6/2011,32.24477003,-110.4496104,6620d02b-5913-4225-881c-f066a9520f97,Flats Pasture,03-05-05-00516-002-C02,,ac4c9fb9-ac15-420c-8b56-300750d07bbc,4200
567,x10/20/2009,31.77645356,-110.7735835,0585d6be-388e-4554-9855-f08cc6f090af,Mountain Pasture,03-05-02-00238-007-C04,,83536587-4a68-4f96-a885-c9fea8331816,5429
568,x11/23/2010,31.67889774,-110.7453451,80cf8c7e-e56b-427f-a7ce-f0b4d8877047,Hog Pasture,03-05-02-00241-003-C02 ?????,,512741f4-1b74-4aa6-9ac4-edd1aa453731,5322
569,x9/26/2012,31.67874432,-110.7453244,80cf8c7e-e56b-427f-a7ce-f0b4d8877047,Hog Pasture,03-05-02-00241-003-C03 ?????,,162e586b-05a2-42e4-af9d-39cc73a85fab,
570,x10/16/2020,32.6699561,-110.2740324,a838b7e9-811b-4ec4-8b04-f144f7b8e5f9,East Lower Home Pasture,03-05-04-00429-29J-K01,From Shapefile,1c488b68-0fa0-493b-b7ea-df326ad64da3,
571,x10/1/2012,32.67074806,-110.2706025,a838b7e9-811b-4ec4-8b04-f144f7b8e5f9,East Lower Home Pasture,03-05-04-00429-29J-K02,,50c43801-27df-4954-871f-4c9a3ac315c8,
572,x10/17/2020,31.9095506,-110.4418533,deedfa35-497b-407a-9f74-f299515aff9b,Haystack Pasture,03-05-03-00302-005-C04,,6fa6d6b0-457f-4114-bb95-e28ffdc04e69,
573,x10/5/2010,31.64718879,-110.7615682,35de9d2a-b0db-4b82-be2b-f3f328ad3148,Lower Big Casa Blanca Pasture,03-05-02-00250-010-C06,,68e5612e-b448-4e50-9bfe-f32339a8c8ca,
574,x10/16/2020,32.42496162,-110.1392768,eb33d9ff-b98a-40b2-a83d-f439a6a48b8a,On/Off Pasture,03-05-04-00446-46B-K01,From shapefile,fc0a4514-4040-4852-85f8-7d1e77de2ed4,
575,x9/19/2020,31.68014763,-109.4033412,e4395a3e-a841-4514-8468-f708579d70e0,Home Pasture,03-05-01-00123-235-C02,From Site Notes,db8b35e9-ec8e-46ae-8ea5-7eaf4ff81b0f,
576,x9/29/2009,31.39377438,-110.7979733,2fe72423-089d-476f-aef3-f7cce7ba409a,Shamrock Pasture,03-05-03-00351-006-C01,t post beginning,0e52eb90-ca75-45e4-9f53-3142ae7f9e2d,
577,x10/15/2020,31.8108741,-110.7239693,e1b8afbf-ca21-427a-bcca-f8fb09fc51f3,North Well #2 Pasture,03-05-02-00236-014-C03,,220c5db5-7d22-49d0-b00f-20fe958a9084,5241
578,x9/19/2020,31.78725949,-109.1670369,ab931ab3-fe7e-407d-99f7-fa0a50d6db28,Northfork Pasture,03-05-01-00118-183-C02,From Site Notes,44f3dfff-b2f8-4305-b587-3d98881451e5,
579,x9/19/2020,31.78523019,-109.1657992,ab931ab3-fe7e-407d-99f7-fa0a50d6db28,Northfork Pasture,03-05-01-00118-183-C05,T1,f814a7ff-5120-4ce9-ba9b-4f3fe3fc478a,5025
580,x10/19/2009,31.83341043,-110.715469,d8f90bfa-aba2-42f9-a7ee-fa595798e1f2,Rosemont North Pasture,03-05-02-00234-001-C03,,ec368503-9828-49b8-a00c-47c4df40efec,4768
581,x10/17/2020,31.45042904,-110.7933894,535846e1-782a-4d62-a413-fabc04fd2590,Paja Verde Pasture,03-05-03-00324-003-C02,From shapefile,4000b1d0-5342-40be-969d-c146004aeef1,
582,x10/17/2020,31.43839834,-110.7911638,535846e1-782a-4d62-a413-fabc04fd2590,Paja Verde Pasture,03-05-03-00324-003-C04,From Shapefile,ff35b780-8fb8-4f51-97d5-b4a1e30ea04a,4492
583,x9/19/2012,31.83321878,-110.3670397,236d1313-a1c9-462b-8ee3-faff81be3cc1,Middle Pasture,03-05-03-00306-006-C01,,09539a9f-e277-4231-ab59-4ea84ee48b9a,
584,x9/22/2020,31.38832142,-111.001504,1967f145-c904-4fe1-839c-fc32aa713129,Martan South Pasture,03-05-02-00216-001-C04,From Shapefile,9b808ad0-7e05-4dd1-872e-a099b0c60d0b,3920
585,x10/16/2020,32.66085024,-110.301928,7844344e-265c-43c8-bf35-fcebd3b34f3e,Mud Springs Pasture,03-05-04-00429-29E-K01,From Shapefile,88bae517-abac-4ed9-bf81-e654ef215701,
586,x11/4/2014,31.45195707,-110.6880113,175989ee-8713-4b2d-b80e-fd8acc90ebb8,Corral Canyon Pasture,03-05-03-00315-007-C01,,8311e5bd-33f6-4d42-baaf-55335d6457ae,5040
587,x9/14/2020,31.70500016,-109.4149548,754e4e19-132e-46d5-b7a3-fdab5112928b,Middle Bruno Pasture,03-05-01-00120-204-C03,From Site Notes,1546d254-f278-4e58-b6c7-1884a18bdfec,
588,x9/19/2020,31.61477126,-108.9824794,b258d443-35d7-408b-8969-fe015578bc6e,South Pasture,03-05-01-00130-303-C01,T1,0ca97a18-bb62-4c03-9777-adc2d66a6a4c,5702
589,x9/24/2009,31.36691046,-110.663161,95fb871a-db79-489a-b1b0-fe3a35b54d7d,One Pasture,03-05-03-00345-002-C03,start,89e62a1c-c62c-4603-a837-ff255cb50f3f,
590,x10/17/2020,31.5391452,-110.4854376,a37d13ed-acba-4e23-9673-fe666c1eb622,Harkey Pasture,03-05-03-00327-011-C01,From shapefile,8912c936-f22d-4dc6-84c2-b208c6a40a3f,
591,x10/17/2020,32.48791497,-110.6966427,e6d2c6e2-dab7-4aca-80f2-fe7248f5af7f,Geeseman/Stratton Pasture,03-05-05-00507-001-C01,From Shapefile,2b280eeb-6ac3-4f0c-9861-e3ff7da40b91,
592,x10/17/2020,32.5023174,-110.7141167,e6d2c6e2-dab7-4aca-80f2-fe7248f5af7f,Geeseman/Stratton Pasture,03-05-05-00507-001-C02,From Shapefile,82da7c7d-d972-4945-9d58-29aa77b279c5,
593,x9/19/2020,31.97057492,-109.9538546,79ca4638-46cd-47de-b1aa-fe97e79516d5,South Pasture,03-05-01-00156-564-C01,From Shapefile,94a041c0-802c-449a-b166-39629a5cfe18,
594,x10/12/2010,31.40035779,-110.8017566,dd3c3cf5-3b99-422d-8a71-ff894a0294ec,Douglas Pasture,03-05-03-00351-008-C03,,7f8f68d0-66a4-4e90-b69f-28f947994cfd,4325
595,x9/17/2012,32.54145457,-109.8376314,9cb851fe-268c-47d5-bc8b-ffd41813cdfa,Bar X Pasture,03-05-04-00419-19E-K01,,5a1edff2-4851-4eac-867a-e0d3b54f45ae,5413
596,x9/17/2012,32.52338264,-109.8538667,9cb851fe-268c-47d5-bc8b-ffd41813cdfa,Bar X Pasture,03-05-04-00419-19E-K02,,b12c0575-bda6-4f2f-8da1-f5132630b065,5100
597,x4/19/2006,32.91569327,-110.2193316,76adaec9-c3e0-44e3-be80-fff8818ccfb0,Lower Forest Pasture,03-05-04-00404-04B-K02,,7c075585-8565-4ac9-9f67-b67870adca3e,